分期,地区,墓葬标号,,墓主,墓葬类型,动物,动物,动物,动物,动物,动物,动物
早中商,郑州白家庄,郑州白家庄M3,,,乙,腰坑/狗/整,,,,,,
早中商,郑州,郑州北二七路M1,,,乙,腰坑/狗/整,,,,,,
早中商,郑州,郑州北二七路M2,,,乙,腰坑/狗/整,,,,,,
早中商,洹北,洹北商城花园庄东M9,,,丁,腰坑/狗/整,,,,,,
早中商,洹北,洹北商城花园庄东M17,,,丁,腰坑/狗/整,,,,,,
早中商,洹北,洹北商城花园庄东M20,,,,腰坑/狗/整,,,,,,
早中商,耀县,84耀县北村IM1,,,丁,腰坑/狗/整,,,,,,
早中商,耀县,84耀县北村IM3,,,丁,腰坑/狗/整,,,,,,
早中商,洹北,洹北商城花园庄东M18,,,丙,二层台/狗/整,,,,,,
早中商,洹北,洹北商城花园庄东M23,,,丁,二层台/狗/整,,,,,,
早中商,琉璃阁,琉璃阁M204,,,丁,填土/狗/整,,,,,,
早中商,琉璃阁,琉璃阁M158,,,丁,/狗/整,棺椁/狗/整,,,,,
早中商,琉璃阁,琉璃阁M110,,,丙,/狗/整/2,,,,,,
早中商,琉璃阁,琉璃阁M117,,,丁,/狗/整,,,,,,
早中商,琉璃阁,琉璃阁M136,,,,/狗/整,,,,,,
早中商,琉璃阁,琉璃阁M205,,,丁,/狗/整,,,,,,
早中商,琉璃阁,琉璃阁M207,,,丁,/狗/整,,,,,,
早中商,琉璃阁,琉璃阁M208,,,丁,/狗/整,,,,,,
早中商,琉璃阁,琉璃阁M224,,,丁,/狗/整,,,,,,
早中商,琉璃阁,琉璃阁M225,,,丁,/狗/整,,,,,,
早中商,琉璃阁,琉璃阁M227,,,丁,/狗/整,,,,,,
早中商,琉璃阁,琉璃阁M233,,,丁,/狗/整,,,,,,
早中商,琉璃阁,琉璃阁M234,,,丁,/狗/整,,,,,,
早中商,琉璃阁,琉璃阁M239,,,,/狗/整,,,,,,
早中商,登封,登封王城岗WT19M11,,,丁,/狗/整,,,,,,
早中商,洹北,洹北商城花园庄东M19,,,丁,/狗,,,,,,
,侯家庄,侯家庄HPKM1001,,,,腰坑/狗/整/8,,,,,,
2,刘家庄,83-86安阳刘家庄M10,,男,丁,腰坑/狗/整,,,,,,
2,刘家庄,83-86安阳刘家庄M16,,,,腰坑/狗/整,,,,,,
2,刘家庄,83-86安阳刘家庄M33,,男,丙,腰坑/狗/整,,,,,,
3,刘家庄,83-86安阳刘家庄M11,,,丁,腰坑/狗/整,,,,,,
3,刘家庄,83-86安阳刘家庄M12,,,丁,腰坑/狗/整,,,,,,
3,刘家庄,83-86安阳刘家庄M34,,,丙,腰坑/狗/整,,,,,,
4,刘家庄,83-86安阳刘家庄M21,,,,腰坑/狗/整,,,,,,
4,刘家庄,83-86安阳刘家庄M32,,,丙,腰坑/狗/整,,,,,,
,刘家庄,83-86安阳刘家庄M20,,,,腰坑/狗/整,,,,,,
,刘家庄,83-86安阳刘家庄M23,,女,丁,腰坑/狗/整,,,,,,
晚,花园庄,花园庄M2,,,,腰坑/狗/整/1/头南,,,,,,
晚,花园庄,花园庄M5,,男/头东,,腰坑/狗/整/1/头西,,,,,,
晚,花园庄,花园庄M8,,,,腰坑/狗/整/1/头南,,,,,,
晚,花园庄,花园庄M12,,,,腰坑/狗/整,,,,,,
晚,花园庄,花园庄M14,,/头东,,腰坑/狗/整/1/头西,,,,,,
殷,花园庄,1999M40,,,,腰坑/狗/整/1/头南,,,,,,
2晚,花园庄,1999M42,,,,腰坑/狗/整/1,,,,,,
4早,花园庄,1999M43,,,,腰坑/狗/整/1/头南,,,,,,
4晚,花园庄,1992M48,,,多,腰坑/狗/整/1/头南,,,,,,
4晚,花园庄,1992M51,,,,腰坑/狗/整/1/头南,,,,,,
2晚,花园庄,1992M52,,,,腰坑/狗/整/1/头西,,,,,,
2晚,花园庄,1992M53,,,,腰坑/狗/整/1/头北,,,,,,
2,花园庄,2001M54,,男/头北/高,土坑竖穴,腰坑/狗/整/1,填土/狗/整/9,二层台/狗/整/5,,,,
3,花园庄,2002M77,,,,腰坑/狗/整/1/头南,,,,,,
殷,花园庄,2002M86,,,,二层台/狗/整,,,,,,
殷,花园庄,2002M92,,,,腰坑/狗/整/1/头北,,,,,,
,大司空,84-88大司空北M10,,,丁,腰坑/狗/整/1/头南,,,,,,
4,大司空,84-88大司空北M13,,,丙,腰坑/狗/整/1/头北,,,,,,
,大司空,84-88大司空北M14,,,丁,腰坑/狗/整/1/头北,,,,,,
4,大司空,84-88大司空北M19,,,丁,腰坑/狗/整/1/头西,,,,,,
4,大司空,84-88大司空北M20,,,丙,腰坑/狗/整/1/头西,,,,,,
4,大司空,84-88大司空北M23,,男,丁,腰坑/狗/整/1/头西,,,,,,
,大司空,84-88大司空北M26,,,丁,腰坑/狗/整/1/头东,,,,,,
2,大司空,84-88大司空北M27,,,丁,腰坑/狗/整/1/头东,,,,,,
4,大司空,84-88大司空北M30,,,丙,腰坑/狗/整/1/头南,,,,,,
4,大司空,84-88大司空北M31,,,丙,腰坑/狗/整/1/头南,,,,,,
3,大司空,84-88大司空北M34,,,丁,腰坑/狗/整/1/头东,,,,,,
2,大司空,84-88大司空北M43,,男,丁,腰坑/狗/整/1/头北,,,,,,
4,大司空,84-88大司空北M52,,男,丙,腰坑/狗/整/1/头东,,,,,,
4,大司空,84-88大司空北M90,,,丙,腰坑/狗/整/1/头东,,,,,,
,安阳,安阳殷墟墓M15,,,丙,腰坑/狗/整,,,,,,
,安阳,安阳殷墟墓M18,,,,腰坑/狗/整,,,,,,
,安阳,安阳殷墟墓M13,,,丁,腰坑/狗/整,,,,,,
,安阳,安阳殷墟墓M14,,,丙,腰坑/狗/整,,,,,,
,梅园庄,梅园庄南M49,,,,腰坑/狗/整,,,,,,
,梅园庄,梅园庄南M51,,,,腰坑/狗/整,,,,,,
,梅园庄,梅园庄南M58,,,,腰坑/狗/整,,,,,,
,梅园庄,梅园庄南M67,,,丙,腰坑/狗/整,,,,,,
,梅园庄,梅园庄南M68,,,,腰坑/狗/整,,,,,,
,梅园庄,梅园庄南M69,,,丁,腰坑/狗/整,,,,,,
,梅园庄,梅园庄南M78,,,,腰坑/狗/整,,,,,,
,梅园庄,梅园庄南M82,,,丙,腰坑/狗/整,,,,,,
,梅园庄,梅园庄南M85,,,,腰坑/狗/整,,,,,,
,梅园庄,梅园庄南M87,,,,腰坑/狗/整,,,,,,
,梅园庄,梅园庄南M93,,,,腰坑/狗/整,,,,,,
,梅园庄,梅园庄南M112,,,,腰坑/狗/整,,,,,,
,梅园庄,梅园庄南M113,,,,腰坑/狗/整,,,,,,
,梅园庄,梅园庄南M118,,,丙,腰坑/狗/整,,,,,,
,梅园庄,梅园庄南M125,,,,腰坑/狗/整,,,,,,
,梅园庄,梅园庄南M127,,,,腰坑/狗/整,,,,,,
,梅园庄,梅园庄南M128,,,,腰坑/狗/整,,,,,,
,郭家庄,郭家庄东南M1,,,,腰坑/狗/整,,,,,,
,郭家庄,郭家庄东南M7,,,,腰坑/狗/整,,,,,,
,郭家庄,郭家庄东南M8,,,丁,腰坑/狗/整,,,,,,
3,郭家庄,82-92郭家庄M7,,,丁,腰坑/狗/整/1,簋/兽/骨,,,,,
3,郭家庄,82-92郭家庄M25,,,,腰坑/狗/整,,,,,,
4早,郭家庄,82-92郭家庄M26,,,丁,腰坑/狗/整,,,,,,
3,郭家庄,82-92郭家庄M34,,,丙,腰坑/狗/整,棺室/牛/腿,,,,,
,郭家庄,82-92郭家庄M35,,,丙,腰坑/狗/整,,,,,,
2,郭家庄,82-92郭家庄M64,,,丁,腰坑/狗/整/1,,,,,,
4早,郭家庄,82-92郭家庄M65,,,丁,腰坑/狗/整/1,,,,,,
3,郭家庄,82-92郭家庄M66,,,,腰坑/狗/整/1,,,,,,
4早,郭家庄,82-92郭家庄M85,,,丙,腰坑/狗/整/1,,,,,,
3,郭家庄,82-92郭家庄M87,,,丁,腰坑/狗/整/1,,,,,,
3,郭家庄,82-92郭家庄M88,,,,腰坑/狗/整/1,,,,,,
3,郭家庄,82-92郭家庄M89,,,,腰坑/狗/整/1,,,,,,
,郭家庄,82-92郭家庄M90,,,,腰坑/狗/整/1,,,,,,
3,郭家庄,82-92郭家庄M91,,,,腰坑/狗/整/1,,,,,,
4早,郭家庄,82-92郭家庄M93,,,丙,腰坑/狗/整/1,,,,,,
4晚,郭家庄,82-92郭家庄M95,,,,腰坑/狗/整/1,,,,,,
4早,郭家庄,82-92郭家庄M99,,,,腰坑/狗/整/1,,,,,,
,郭家庄,82-92郭家庄M102,,,丁,/狗/整,,,,,,
3,郭家庄,82-92郭家庄M108,,,丁,腰坑/狗/整/1,,,,,,
2,郭家庄,82-92郭家庄M111,,,丙,腰坑/狗/整/1,,,,,,
3,郭家庄,82-92郭家庄M112,,,丁,腰坑/狗/整/1,,,,,,
4晚,郭家庄,82-92郭家庄M114,,,丁,腰坑/狗/整/1,,,,,,
4早,郭家庄,82-92郭家庄M118,,,丙,腰坑/狗/整/1,,,,,,
3,郭家庄,82-92郭家庄M135,,,丁,腰坑/狗/整/1,,,,,,
4晚,郭家庄,82-92郭家庄M138,,,丁,腰坑/狗/整/1,,,,,,
4晚,郭家庄,82-92郭家庄M140,,,,腰坑/狗/整/1,,,,,,
3,郭家庄,82-92郭家庄M141,,,丁,腰坑/狗/整/1,,,,,,
3,郭家庄,82-92郭家庄M160,,,,腰坑/狗/整/1,填土/狗/整/2,,,,,
3,郭家庄,82-92郭家庄M164,,,丁,腰坑/狗/整/1,,,,,,
4早,郭家庄,82-92郭家庄M168,,,,腰坑/狗/整/1,,,,,,
,郭家庄,82-92郭家庄M175,,,丁,腰坑/狗/整/1,,,,,,
,郭家庄,82-92郭家庄M182,,,丁,腰坑/狗/整/1,,,,,,
,郭家庄,82-92郭家庄M206,,,丁,腰坑/狗/整/1,,,,,,
3,郭家庄,82-92郭家庄M223,,,丙,腰坑/狗/整/1,,,,,,
3,郭家庄,82-92郭家庄M225,,,,腰坑/狗/整/1,,,,,,
3,郭家庄,82-92郭家庄M226,,,,腰坑/狗/整/1,,,,,,
2,郭家庄,82-92郭家庄M247,,,丁,腰坑/狗/整/1,,,,,,
,郭家庄,82-92郭家庄M252,,,丁,腰坑/狗/整/1,,,,,,
4早,郭家庄,82-92郭家庄M256,,,,腰坑/狗/整/1,,,,,,
2,郭家庄,82-92郭家庄M263,,,丁,腰坑/狗/整/1,,,,,,
,郭家庄,82-92郭家庄M268,,,,腰坑/狗/整/1,,,,,,
3,郭家庄,82-92郭家庄M269,,,丙,腰坑/狗/整/1,,,,,,
3,郭家庄,82-92郭家庄M270,,,丙,腰坑/狗/整/1,,,,,,
,郭家庄,82-92郭家庄M271,,,,腰坑/狗/整/1,,,,,,
,郭家庄,82-92郭家庄M272,,,,腰坑/狗/整/1,,,,,,
2,郭家庄,82-92郭家庄M273,,,丁,腰坑/狗/整/1,,,,,,
3,郭家庄,82-92郭家庄M278,,,,腰坑/狗/整/1,,,,,,
,郭家庄,82-92郭家庄M280,,,,腰坑/狗/整/1,,,,,,
,刘家庄,95-96刘家庄M1,,男,,腰坑/狗/整/1,,,,,,
4,刘家庄,83-86刘家庄M1,,,,二层台/牛/腿,,,,,,
3,刘家庄,95-96刘家庄M3,,,丁,腰坑/狗/整,,,,,,
4,刘家庄,95-96刘家庄M6,,,丁,腰坑/狗/整,,,,,,
3,刘家庄,95-96刘家庄M12,,,,腰坑/狗/整,,,,,,
3,刘家庄,95-96刘家庄M14,,,丁,腰坑/狗/整,,,,,,
4,刘家庄,95-96刘家庄M16,,,,腰坑/狗/整,,,,,,
,刘家庄,95-96刘家庄M17,,,丁,腰坑/狗/整,,,,,,
,刘家庄,95-96刘家庄M26,,女,丁,腰坑/狗/整,,,,,,
3,刘家庄,95-96刘家庄M29,,,丁,腰坑/狗/整,,,,,,
4,刘家庄,95-96刘家庄M32,,,,腰坑/狗/整,,,,,,
,刘家庄,95-96刘家庄M33,,,,腰坑/狗/整,,,,,,
4,刘家庄,95-96刘家庄M34,,,丁,腰坑/狗/整,,,,,,
,郭家庄,82-92郭家庄M235,,,,腰坑/鸡/骨,,,,,,
3,刘家庄,83-86安阳刘家庄M13,,,丙,填土/狗/整,,,,,,
,刘家庄,83-86安阳刘家庄M17,,,,填土/狗/整,,,,,,
,梅园庄,87梅园庄南M27,,,丁,填土/狗/整,,,,,,
,梅园庄,87梅园庄南M48,,,丙,填土/狗/整,,,,,,
2,郭家庄,82-92郭家庄M22,,,丁,填土/狗/整,,,,,,
3,郭家庄,82-92郭家庄M32,,,丁,填土/狗/整/1,,,,,,
4晚,郭家庄,82-92郭家庄M202,,,丙,填土/狗/整/1,,,,,,
4早,郭家庄,82-92郭家庄M267,,,丁,填土/狗/整/1,,,,,,
3,郭家庄,82-92郭家庄M276,,,,填土/狗/整/1,,,,,,
3,郭家庄,82-92郭家庄M279,,,,填土/狗/整/1,,,,,,
3,徐家桥,徐家桥村M2,,,,腰坑/狗/整,,,,,,
4,徐家桥,徐家桥村M9,,男,丙,腰坑/狗/整,,,,,,
2,徐家桥,徐家桥村M16,,,,腰坑/狗/整,,,,,,
2,徐家桥,徐家桥村M17,,,,腰坑/狗/整,,,,,,
4,徐家桥,徐家桥村M21,,,,填土/狗/整,,,,,,
4,徐家桥,徐家桥村M22,,,,填土/狗/整,,,,,,
,琉璃阁,琉璃阁M151,,,乙,二层台/狗//1,,,,,,
,琉璃阁,琉璃阁M145,,,丙,二层台/狗//1,,,,,,
3,郭家庄,82-92郭家庄M180,,,丁,二层台/狗//1,,,,,,
4晚,郭家庄,82-92郭家庄M284,,,丁,二层台/狗//1,,,,,,
4早,郭家庄,82-92郭家庄M6,,,,二层台/牛/肢,,,,,,
4晚,郭家庄,82-92郭家庄M203,,,,二层台/牛/肩胛骨,,,,,,
4早,郭家庄,82-92郭家庄M220,,,,二层台/牛/腿,,,,,,
3,郭家庄,82-92郭家庄M232,,,,二层台/牛/腿,,,,,,
4晚,郭家庄,82-92郭家庄M264,,,,二层台/牛/骨,,,,,,
4晚,郭家庄,82-92郭家庄M208,,,,二层台/牛,,,,,,
3,郭家庄,82-92郭家庄M106,,,丁,二层台/鱼,,,,,,
,琉璃阁,琉璃阁M123,,,丁,棺椁/狗/整,,,,,,
,小屯,妇好墓M5,,女,甲,腰坑/狗/整/1,棺椁/狗/整/5,,,,,
,侯家庄,侯家庄HPKM1004,,,,角头/狗/整,,,,,,
4,刘家庄,83-86安阳刘家庄M14,,,,腰坑/狗/整,填土/狗/整,二层台/羊/腿,二层台/牛/腿,,,
,安阳,安阳殷墓M7,,,丁,腰坑/狗/整,填土/狗/整,,,,,
,梅园庄,87梅园庄南M30,,,丙,腰坑/狗/整,填土/狗/整,,,,,
,梅园庄,87梅园庄南M52,,,丙,腰坑/狗/整,填土/狗/整,,,,,
4早,郭家庄,82-92郭家庄M20,,,丁,腰坑/狗/整,填土/狗/整,,,,,
,郭家庄,82-92郭家庄M38,,,丁,腰坑/狗/整,填土/狗/整,,,,,
,郭家庄,82-92郭家庄M44,,,丁,腰坑/狗/整,填土/狗/整,,,,,
,郭家庄,82-92郭家庄M45,,,,腰坑/狗/整,填土/狗/整,,,,,
,郭家庄,82-92郭家庄M47,,,丁,腰坑/狗/整,填土/狗/整,,,,,
,郭家庄,82-92郭家庄M48,,,乙,腰坑/狗/整,填土/狗/整,,,,,
4早,郭家庄,82-92郭家庄M50,,,丙,腰坑/狗/整/1,填土/狗/整/1,,,,,
4早,郭家庄,82-92郭家庄M97,,,,腰坑/狗/整/1,填土/狗/整/1,,,,,
3,郭家庄,82-92郭家庄M277,,,丁,腰坑/狗/整/1,填土/狗/整/1,,,,,
4晚,郭家庄,82-92郭家庄M53,,,丙,腰坑/狗/整/1,二层台/狗/整/1,,,,,
,梅园庄,87梅园庄南M73,,,丙,腰坑/狗/整,填土/狗/整,二层台/狗/整,,,,
3,郭家庄,82-92郭家庄M174,,,丁,腰坑/狗/整/1,二层台/狗/整/1,,,,,
4早,郭家庄,82-92郭家庄M98,,,,腰坑/狗/整/1,二层台/牛/腿,,,,,
3,郭家庄,82-92郭家庄M001,,,丙,腰坑/狗/整/1,二层台/羊/腿/1,,,,,
4早,郭家庄,82-92郭家庄M31,,,丁,腰坑/狗/整/1,二层台/牛/腿,,,,,
3,郭家庄,82-92郭家庄M1,,,丙,腰坑/狗/整/1,二层台/牛/腿,,,,,
4晚,郭家庄,82-92郭家庄M75,,,,腰坑/狗/整/1,二层台/牛/腿,,,,,
4早,郭家庄,82-92郭家庄M209,,,,腰坑/狗/整/1,二层台/牛/骨,,,,,
4早,郭家庄,82-92郭家庄M217,,,丁,腰坑/狗/整/1,二层台/牛/骨,,,,,
2,郭家庄,82-92郭家庄M289,,,丁,腰坑/狗/整/1,二层台/牛/骨,,,,,
,梅园庄,87梅园庄南M91,,,丙,腰坑/狗/整/1,/牛,,,,,
2,郭家庄,82-92郭家庄M63,,,,腰坑/狗/整/1,二层台/狗/整/1,二层台/牛/肢,,,,
4,刘家庄,83-86安阳刘家庄M9,,合葬,丙,腰坑/狗/整,填土/狗/整,二层台/狗/头,二层台/羊/头,二层台/牛/头,二层台/牛/腿,二层台/人
3,郭家庄,82-92郭家庄M19,,,丁,填土/狗/整,二层台/牛/肢,,,,,
4早,郭家庄,82-92郭家庄M201,,,丁,填土/狗/整/1,二层台/牛/骨,,,,,
,梅园庄,87梅园庄南M86,,,丁,填土/马,棺椁/马,,,,,
2,郭家庄,82-92郭家庄M231,,,丙,二层台/牛/腿,二层台/狗/整/1,,,,,
,侯家庄,侯家庄北地78AHBM1,,,,/马,/牛,/猪,/狗,墓道/鹿,墓道/马,
2,武官村,武官村大墓50WGKM1,,,甲,墓道/鹿/整/1,墓道/马/整/16,墓道/狗/整/17,墓道/猴/整/3,墓道/兽/整/15,,
,琉璃阁,琉璃阁M147,,,甲,/狗/整/3,二层台/狗/整,,,,,
,琉璃阁,琉璃阁M150,,,甲,/狗/整,棺椁/狗/整,填土/狗/整,二层台/牛/肢,,,
,琉璃阁,琉璃阁M124,,,丁,/狗/整,,,,,,
,琉璃阁,琉璃阁M141,,,甲,/狗/整,,,,,,
,琉璃阁,琉璃阁M146,,,丙,/狗/整,,,,,,
,郭家庄,87郭家庄东南M9,,,丁,,,,,,,
,徐家桥,徐家桥村M19,,,,/牛/肢,,,,,,
,刘家庄,09-10刘家庄北M1,,,,腰坑/狗/整,,,,,,
,刘家庄,09-10刘家庄北M20,,/头南,,填土/狗/整/2/头北,腰坑/狗/整/1/头南背东,,,,,
,刘家庄,09-10刘家庄北M23,,,,腰坑/狗/整/1/头北背西,,,,,,
,刘家庄,09-10刘家庄北M33,,,,腰坑/狗/整/1/头南背西,台面四角/狗/整/4/头南头北,,,,,
,刘家庄,09-10刘家庄北M34,,男/头北,,腰坑/狗/整,,,,,,
,刘家庄,09-10刘家庄北M88,,,,腰坑/狗/整/1/头北背东,,,,,,
,刘家庄,09-10刘家庄北M89,,男/头北,,腰坑/狗/整/1/头南背西,,,,,,
,刘家庄,09-10刘家庄北M91,,男/头北,,腰坑/狗/整/1/头南背西,,,,,,
,刘家庄,09-10刘家庄北M92,,/头北,,腰坑/狗/整/1/头南背西,,,,,,
,刘家庄,09-10刘家庄北M94,,/东西向,,腰坑/狗/整/2/头东背南,,,,,,
,刘家庄,10-11刘家庄北M70,,/头北,,腰坑/狗/整/1/头南,,,,,,
,刘家庄,10-11刘家庄北M220,,/头东,,二层台/狗/头/1/头东,腰坑/狗/整/1/头东,,,,,
,大司空,大司空东南M646,,/头北,,填土/狗/整,二层台/牛/腿,,,,,
,刘家庄,05刘家庄北M121,,,,腰坑/狗/整,,,,,,
,刘家庄,08刘家庄北M508,,,,腰坑/狗/整,,,,,,
,刘家庄,06刘家庄北M44,,男/头东,,椁台/狗/整/1/头东背北,,,,,,
大司空1,三家庄,80三家庄M1,,,,填土/狗/整,腰坑/狗/整,,,,,
大司空1,三家庄,80三家庄M2,,,,腰坑/狗/整,,,,,,
大司空1,三家庄,80三家庄M3,,,,腰坑/狗/整,,,,,,
早于大司空1,三家庄,80三家庄M4,,,,腰坑/狗/整,二层台/狗/整,,,,,
,三家庄,80三家庄M6,,,,腰坑/狗/整,,,,,,
2晚,刘家庄,94刘家庄北M793,,弜众,,腰坑/狗/整/1/头东,二层台/牛/腿,填土/狗/整/3,角/狗/头,,,
,郭家庄,郭家庄86AQM6,,/头北,,腰坑/狗/整/1/头南,填土/狗/整/1/头南,二层台/牛/腿,二层台/羊/腿,,,
2,刘家庄,刘家庄南85AQMM59,,男/头东,,腰坑/狗/整/1/头西,,,,,,
2,刘家庄,刘家庄南85AQMM13,,合，老女/头东，青男/头西,,腰坑/狗/整/1/头西,,,,,,
3早,刘家庄,刘家庄南85AQMM14,,少年/头东,,腰坑/狗/整/1/头西,,,,,,
4,刘家庄,刘家庄南85AQMM54,,,,腰坑/狗/整/1/头东,,,,,,
4晚,刘家庄,刘家庄南85AQMM42,,,,二层台/牛/无头,,,,,,
3/4,王裕口,97王裕口M40,,,,腰坑/狗//1/头反,,,,,,
3,王裕口,97王裕口M45,,,,二层台/狗,,,,,,
3,王裕口,97王裕口M79,,,,腰坑/狗//1/头反,,,,,,
3,王裕口,97王裕口M80,,,,腰坑/狗//1/头反,,,,,,
3,王裕口,97王裕口M83,,,,腰坑/狗//1/头反,,,,,,
4,王裕口,97王裕口M84,,,,腰坑/狗//1/头反,,,,,,
4,王裕口,97王裕口M03,,/头西,,腰坑/狗//1/头西,,,,,,
3,王裕口,97王裕口M01,,,,盛//肢,,,,,,
2,王裕口,09王裕口M103,,成男/头南,,腰坑/狗/整只/1/头北,填土/狗/整/1,二层台/狗/整/1,二层台/牛/腿/1,二层台/羊/腿/1,,
3,王裕口,09王裕口M94,,/头东,,腰坑/狗/整只/1/头西,二层台/狗/整/2,填土/狗/肢/1,,,,
4,徐家桥,02徐家桥M120,,/头北,,腰坑/狗/整/1/头南,二层台/羊/腿/1,,,,,
,大司空,53大司空M28,,,,二层台/牛/腿,二层台/羊/腿,,,,,
,大司空,53大司空M146,,,,二层台/牛或羊/腿,,,,,,
,大司空,53大司空M157,,,,二层台/牛或羊/腿,,,,,,
,大司空,53大司空M162,,,,二层台/牛或羊/腿,,,,,,
,大司空,53大司空M165,,,,二层台/牛或羊/腿,,,,,,
,大司空,53大司空M170,,,,二层台/牛或羊/腿,,,,,,
,大司空,53大司空M174,,,,二层台/牛或羊/腿,,,,,,
,大司空,53大司空M225,,,,二层台/牛或羊/腿,,,,,,
,大司空,53大司空M233,,,,二层台/牛或羊/腿,,,,,,
,大司空,53大司空M256,,,,二层台/牛或羊/腿,,,,,,
,大司空,53大司空M300,,,,二层台/牛或羊/腿,,,,,,
,大司空,53大司空M304,,,,二层台/牛或羊/腿,,,,,,
,大司空,53大司空M305,,,,二层台/牛或羊/腿,,,,,,
,大司空,53大司空M312,,,,二层台/牛或羊/腿,,,,,,
,大司空,53大司空M23,,,,二层台/鸡/整,,,,,,
,大司空,53大司空M108,,,,棺内/鸡/整,,,,,,
,大司空,53大司空M98,,,,腰坑/狗/整/3/头反,,,,,,
,大司空,53大司空M313,,,,腰坑/狗/整/3/头反,,,,,,
,大司空,53大司空M175,,,车马坑,车马坑/马/整/2,,,,,,
末,大司空,58大司空M16,,,,头前台/狗/整/1,,,,,,
末,大司空,58大司空M35,,,,腰坑/狗/整/1,棺上/狗/整/1,,,,,
末,大司空,58大司空M12,,,,二层台/狗/整/1,,,,,,
末,大司空,58大司空M9,,,,二层台/狗/整/1,,,,,,
末,大司空,58大司空M22,,,,二层台/狗/整/1,,,,,,
4,大司空,62大司空M53,,/头北,,二层台/牛/腿,二层台/羊/腿,,,,,
3/4,大司空,80大司空M539,,,,腰坑/狗/整/1/头西,,,,,,
2,大司空,86大司空南M29,,/头南,,腰坑/狗/整/1/头北,,,,,,
4,大司空,83大司空M646,,/头北/中下,,填土/狗/整/1,二层台/牛/腿/1,,,,,
4,大司空,04大司空M303,,/头北/高,,填土/狗/整/3/头南,腰坑/狗/整/1/头南,二层台/牛/腿/1,二层台/羊/腿/1,,,
2晚,大司空,83大司空M663,,/头东,,腰坑/狗/整/1/头西,,,,,,
3,大司空,12-15大司空M43,,/头南,土坑竖穴,腰坑/狗/整/1/头北,,,,,,
2早,大司空,15-16大司空M28,,,,腰坑/狗,二层台/兽/腿,,,,,
3,大司空,15-16大司空M7,,,,二层台/牛/腿/1,二层台/羊/腿/1,西北角簋/羊/腿/1,填土/狗/整/2/头南,腰坑/狗/整/1,,
4,大司空,15-16大司空M27,,/头北,,腰坑/狗/整/1/头南,,,,,,
3晚,大司空,15-16大司空M60,,男/头北,,腰坑/狗/整/1/头南,二层台/兽/腿/2,,,,,
4,大司空,15-16大司空M1,,女,,填土/狗/整/1/头南,二层台/牛/腿/1,二层台/羊/腿/2,,,,
4,大司空,15-16大司空M94,,,车马坑,车马坑/马/整/2/头南,,,,,,
4,高楼庄,91高楼庄M1,,,,腰坑/狗/整/1/头北,二层台/兽,填土/狗/整,,,,
4,郭庄,86郭庄北M6,,/头北/中,,填土/狗/整/1,腰坑/狗/整/1/头南,二层台/牛/腿/1,二层台/羊/腿/2,,,
2,辛店,16辛店M21,,/头北,,腰坑/狗/整,二层台/狗/整/2/头北头西,,,,,
2,辛店,16辛店M26,,/头东,,腰坑/狗/整/1/头南,二层台/狗/整/2/头东,椁盖/羊/头/1,,,,
4,辛店,16辛店M41,,男,,二层台/狗/整/2/头北头南,,,,,,
2/3,范家庄,05范家庄M4,,,,二层台/狗/整/3,二层台/牛/腿/1,二层台/羊/腿/1,,,,
4,榕树湾,07榕树湾M1,,/头东/中小,,腰坑/狗/整/1/头西,墓底/羊/整/1,墓底/鸡,,,,
2晚,任家庄,16-17任家庄M114,,/头北,,腰坑/狗/整/1/头南,二层台/羊/腿/1,,,,,
2/3,任家庄,16-17任家庄M168,,,,腰坑/狗/整,,,,,,
,任家庄,16-17任家庄M,,,,,,,,,,
4,新安庄,2007AXAM103,,,土圹竖穴,腰坑/狗/整/1/头南,,,,,,
4,新安庄,2007AXAM111,,男/头东,土圹竖穴,填土/狗/整/1/头东,,,,,,
,孝民屯,59孝民屯南车马坑1,,,车马坑,车马坑/马/整/2,,,,,,
,孝民屯,59孝民屯南车马坑2,,,车马坑,车马坑/马/整/2,,,,,,
4,孝民屯,89-90孝民屯东南M1228,,,,腰坑/狗/整/1,,,,,,
,孝民屯,89-90孝民屯东南M1231,,,,腰坑/狗/整/1,,,,,,
,孝民屯,89-90孝民屯东南M1233,,,,腰坑/狗/整/1,二层台/狗/整/1,,,,,
2,孝民屯,89-90孝民屯东南M1240,,,,腰坑/狗/整/1,,,,,,
2,孝民屯,89-90孝民屯东南M1242,,,,腰坑/狗/整/1,,,,,,
4,孝民屯,89-90孝民屯东南M1245,,,,腰坑/狗/整/1,,,,,,
4,孝民屯,89-90孝民屯东南M1246,,,,腰坑/狗/整/1,,,,,,
3,孝民屯,89-90孝民屯东南M1250,,,,腰坑/狗/整/1,,,,,,
3,孝民屯,89-90孝民屯东南M1251,,,,填土/狗/整/1,,,,,,
3,孝民屯,89-90孝民屯东南M1254,,,,腰坑/狗/整/1,填土/狗/整/1,,,,,
4,孝民屯,89-90孝民屯东南M1258,,,,腰坑/狗/整/1,,,,,,
3,孝民屯,89-90孝民屯东南M1260,,,,腰坑/狗/整/1,填土/狗/整/2,,,,,
3,孝民屯,89-90孝民屯东南M1261,,,,腰坑/狗/整/1,填土/狗/整/1,,,,,
2,孝民屯,89-90孝民屯东南M1265,,,,腰坑/狗/整/1,填土/狗/整/1,,,,,
4,孝民屯,89-90孝民屯东南M1272,,,,腰坑/狗/整/1,二层台/狗/整/1,,,,,
3,孝民屯,89-90孝民屯东南M1273,,,,填土/狗/整/1,,,,,,
2,孝民屯,89-90孝民屯东南M1275,,,,腰坑/狗/整/1,,,,,,
3,孝民屯,89-90孝民屯东南M1276,,,,填土/狗/整/1,,,,,,
4,孝民屯,89-90孝民屯东南M1277,,,,填土/狗/整/1,,,,,,
4,孝民屯,89-90孝民屯东南M1285,,,,腰坑/狗/整/1,,,,,,
4,孝民屯,89-90孝民屯东南M1291,,,,腰坑/狗/整/1,,,,,,
4,孝民屯,89-90孝民屯东南M1301,,,,腰坑/狗/整/1,,,,,,
2,孝民屯,89-90孝民屯东南M1303,,,,腰坑/狗/整/1,,,,,,
4,孝民屯,89-90孝民屯东南M1305,,,,腰坑/狗/整/1,,,,,,
,孝民屯,89-90孝民屯东南M1306,,,,腰坑/狗/整/1,,,,,,
4,孝民屯,89-90孝民屯东南M1312,,,,腰坑/狗/整/1,,,,,,
3,孝民屯,89-90孝民屯东南M1314,,,,腰坑/狗/整/1,,,,,,
2,孝民屯,89-90孝民屯东南M1315,,,,腰坑/狗/整/1,,,,,,
2,孝民屯,89-90孝民屯东南M1320,,,,腰坑/狗/整/1,,,,,,
3,孝民屯,89-90孝民屯东南M1325,,,,腰坑/狗/整/1,,,,,,
3,孝民屯,89-90孝民屯东南M1328,,,,腰坑/狗/整/1,,,,,,
2,孝民屯,89-90孝民屯东南M1329,,,,腰坑/狗/整/1,,,,,,
4,孝民屯,89-90孝民屯东南M1335,,,,腰坑/狗/整/1,,,,,,
3,孝民屯,89-90孝民屯东南M1352,,,,腰坑/狗/整/1,,,,,,
4,孝民屯,89-90孝民屯东南M1358,,,,二层台/兽/腿,,,,,,
4,孝民屯,89-90孝民屯东南M1359,,,,腰坑/狗/整/1,,,,,,
4,孝民屯,89-90孝民屯东南M1360,,,,二层台/兽/腿,,,,,,
3,孝民屯,2003AXST1930M17,,/头北,,填土/牛/腿/1,填土/狗/整/1/头北,,,,,
3,孝民屯,03AXSM132,,/头北,,填土/狗/整/1/头北,,,,,,
,后冈,71后冈M32,,,双墓道,腰坑/狗/整/1,,,,,,
,后冈,71后冈M47,,,单墓道,二层台/狗/整/1,,,,,,
,后冈,71后冈M16,,/头北,土坑竖穴,腰坑/狗/整/1,二层台/狗/整/1,,,,,
,后冈,71后冈M3,,,殉葬坑,殉葬坑/马/2,,,,,,
,后冈,91后冈M9,,,大墓，长方竖穴,腰坑/狗/整/1,,,,,,
2,后冈,91后冈M12,,,大墓，长方竖穴,二层台/狗/整/1,腰坑/狗/整/1,,,,,
3,后冈,91后冈M14,,,小墓,二层台/牛/腿/1,,,,,,
,后冈,91后冈M19,,,小墓,腰坑/狗/整/1/头南,,,,,,
4,后冈,91后冈M26,,,小墓,腰坑/狗/整/1,,,,,,
4,后冈,91后冈M27,,,小墓,腰坑/狗/整/1/头南,,,,,,
3,后冈,91后冈M33,,/头北,小墓,腰坑/狗/整/1,,,,,,
,后冈,91后冈M37,,,小墓,腰坑/狗/整/1/头南,,,,,,
4,后冈,91后冈M39,,,小墓,腰坑/鸡/整/1,,,,,,
2,苗圃,80APNM19,,/头东,土坑竖穴,腰坑/狗/整/1/头反,填土/狗/整/1,填土/牛/腿/1,,,,
3,苗圃,82APNM80,,/头东,土坑竖穴,腰坑/狗/整/1/头西,,,,,,
3,苗圃,82APNM54,,/头东,土坑竖穴,二层台/狗/整/1,,,,,,
4,苗圃,80APNM15,,/头南,土坑竖穴,腰坑/狗/整/1/头南,,,,,,
1,苗圃,84苗圃北M118,,,,腰坑/狗/整/1/头北,,,,,,
1,苗圃,84苗圃北M123,,,,棺上/狗/整/1/头北,,,,,,
2晚,苗圃,84苗圃北M99,,,,腰坑/狗/整/1/头西,,,,,,
2/3,苗圃,84苗圃北M105,,,,腰坑/狗/整/1/头西,,,,,,
4,苗圃,84苗圃北M129,,,,二层台/狗/整/1,,,,,,
1,苗圃,59M212,,,土坑竖穴,腰坑/狗/整/1,,,,,,
1,苗圃,59M58,,,土坑竖穴,腰坑/狗/整/1,/牛/角,,,,,
1,苗圃,84M98,,,土坑竖穴,腰坑/狗/整/1,,,,,,
1,苗圃,84M113,,,土坑竖穴,腰坑/狗/整/1,,,,,,
1,苗圃,84M118,,,土坑竖穴,腰坑/狗/整/1,,,,,,
1,苗圃,84M123,,,土坑竖穴,腰坑/狗/整/1,,,,,,
1,苗圃,84苗圃M116,,,,/猪/腿/1,,,,,,
1,苗圃,84苗圃M44,,,,/羊/腿/1,腰坑/狗/整/1,,,,,
3/4,梅园庄,87梅园庄M27,,,,填土/狗/整/1,,,,,,
3/4,梅园庄,87梅园庄M30,,,,腰坑/狗/整/1,填土/狗/整/1,,,,,
3/4,梅园庄,87梅园庄M48,,,,填土/狗/整/1,,,,,,
3/4,梅园庄,87梅园庄M49,,,,腰坑/狗/整/1,,,,,,
3/4,梅园庄,87梅园庄M51,,,,腰坑/狗/整/1,,,,,,
3/4,梅园庄,87梅园庄M52,,,,腰坑/狗/整/1,填土/狗/整/1,,,,,
3/4,梅园庄,87梅园庄M58,,,,腰坑/狗/整/1,,,,,,
3/4,梅园庄,87梅园庄M67,,,中,腰坑/狗/整/1,,,,,,
3/4,梅园庄,87梅园庄M68,,,中,腰坑/狗/整/1,,,,,,
3/4,梅园庄,87梅园庄M69,,,中,腰坑/狗/整/1,,,,,,
3/4,梅园庄,87梅园庄M73,,,,腰坑/狗/整/1,填土/狗/整/1,,,,,
3/4,梅园庄,87梅园庄M78,,,,腰坑/狗/整/1,,,,,,
3/4,梅园庄,87梅园庄M82,,,,腰坑/狗/整/1,,,,,,
3/4,梅园庄,87梅园庄M85,,,,腰坑/狗/整/1,,,,,,
3/4,梅园庄,87梅园庄M86,,,,填土/马,,,,,,
3/4,梅园庄,87梅园庄M87,,,,腰坑/狗/整/1,,,,,,
3/4,梅园庄,87梅园庄M91,,,中,腰坑/狗/整/1,/牛,,,,,
3/4,梅园庄,87梅园庄M93,,,,腰坑/狗/整/1,,,,,,
3/4,梅园庄,87梅园庄M112,,,,腰坑/狗/整/1,,,,,,
3/4,梅园庄,87梅园庄M113,,,,腰坑/狗/整/1,,,,,,
3/4,梅园庄,87梅园庄M118,,,中,腰坑/狗/整/1,,,,,,
3/4,梅园庄,87梅园庄M125,,,,腰坑/狗/整/1,,,,,,
3/4,梅园庄,87梅园庄M127,,,,腰坑/狗/整/1,,,,,,
3/4,梅园庄,87梅园庄M128,,,,腰坑/狗/整/1,,,,,,
3,梅园庄,93AMM1,,,车马坑,车马坑/马/整/2,,,,,,
,梅园庄,80梅园庄M6,,,土坑竖穴,填土/狗/整/1,,,,,,
,梅园庄,80梅园庄M11,,,土坑竖穴,填土/狗/整/1,,,,,,
3/4,梅园庄,95铁西城建M40,,,车马坑,车马坑/马/整/2/头南,,,,,,
3/4,梅园庄,95铁西城建M41,,,车马坑,车马坑/马/整/2/头南,,,,,,
4早,梅园庄,90梅园庄M1,,/头北,土坑竖穴,腰坑/狗/整/1/头南,填土/狗/整/1/头北,二层台/牛/腿/1,,,,
1,薛家庄,83薛家庄M1,,,小墓竖穴,二层台/狗/整/1,,,,,,
2,薛家庄,83薛家庄M3,,/头北,小墓竖穴,填土/狗/整/2,二层台/狗/整/3,腰坑/狗/整/1/头南,,,,
,薛家庄,57薛家庄M1,,,,腰坑/狗/整/1/头反,,,,,,
,薛家庄,57薛家庄M7,,/头南,,腰坑/狗/整/1/头北,填土/狗/整/1/头北,,,,,
2,西北冈,M1001,,,十字形,殉葬坑/狗/整/9,,,,,,
3,殷墟西区,81AGSM1613,,,车马坑,车马坑/马/整/2/头南,,,,,,
,,,,,,,,,,,,
4晚,郭家庄,86AQM6,,/头北/中,长方竖井,填土/狗/整/1/头南,腰坑/狗/整/1/头南,二层台/牛/腿/1,二层台/羊/腿/1,,,
2,郭家庄,95郭家庄东南M26,,/头东,,腰坑/狗/整/1/头西,二层台/狗/整/1/头东,,,,,
2,郭家庄,2006WYLDM5,,/头东,土坑竖穴,二层台/狗/整/1/头西,二层台/马/头/1,二层台/牛/腿,腰坑/狗/整/1/头西,,,
3,郭家庄,郭家庄西M160,,//高,大墓,填土/狗/整/1/头东,二层台/羊,二层台/牛,腰坑/狗/整/1/头西,椁室/狗/整/1,,
3,郭家庄,87AGNM51,,,车马坑,车马坑/马/整/2/头西,,,,,,
4初,郭家庄,87AGNM52,,,车马坑,车马坑/马/整/2/头西,,,,,,
,郭家庄,87AGNM58,,,车马坑,车马坑/马/整/1/头西,,,,,,
,殷墟西区,M7,,,车马坑,车马坑/马/整,,,,,,
,小屯,,,,车马坑,车马坑/马/整,,,,,,
,西北冈,,,,车马坑,车马坑/马/整,,,,,,
,白家坟,,,,车马坑,车马坑/马/整,,,,,,
,殷墟西区,M93,,,,车马坑/马/整,马坑/马/整,,,,,
4,郭家庄,83郭家庄M1,,/头西,,腰坑/狗/整/1/头东,二层台/羊/腿/1,,,,,
4,郭家庄,87郭家庄M1,,,长方竖穴,腰坑/狗/整/1/头北,,,,,,
3,郭家庄,87郭家庄M7,,,长方竖穴,腰坑/狗/整/1/头南,,,,,,
3,郭家庄,87郭家庄M8,,,长方竖穴,腰坑/狗/整/1/头北,,,,,,
4晚,小屯,2003AXTT2M1,,//高,中字大型墓,填土/狗/整/1,二层台/狗/整/2/头南,二层台填土/狗/整/3/头西,,,,
4,小屯,77AXTM18,,女?/头北,长方竖井,二层台/狗/整/1/头西,腰坑/狗/整/1/头南,二层台/猪/腿/1,椁室/牛/腿/1,,,
4,小屯,76AXTM17,,/头北,长方竖井,腰坑/狗/整/1/头南,墓室/狗/整/1/头南,角/羊/腿/1,,,,
,小屯,人马小墓,,,马坑,/狗/整/2/头北,/马/整/1,,,,,
,小屯,小屯M230,,,,/牛,,,,,,
,小屯,小屯M182,,,,/羊,,,,,,
,小屯,小屯M94,,,,/狗,,,,,,
,小屯,小屯M390,,,,/牛,/羊,,,,,
,小屯,小屯M105,,,,/狗,/羊,,,,,
,小屯,小屯M14,,,,/狗,/羊,,,,,
,小屯,小屯M140,,,,/牛,,,,,,
,小屯,小屯M152,,,,/羊,,,,,,
,小屯,小屯M377,,,,/狗,,,,,,
,小屯,小屯M159,,,,/猪,/猴,,,,,
,小屯,小屯M360,,,,/猪,/猴,,,,,
,小屯,小屯,,,车马坑,/马,,,,,,
,小屯,小屯M232,,,,墓底/狗/整/1,,,,,,
,小屯,小屯M414,,,带戈,/狗/整/1,,,,,,
,小屯,小屯M280,,,,/狗/整/5,,,,,,
,小屯,小屯M207,,,,/狗/整/5,,,,,,
,小屯,小屯M364,,,,/牛,,,,,,
4,殷墟西区,四1112,,,,/羊/头,/羊/腿,,,,,
4,殷墟西区,六1048,,,,/羊/头,,,,,,
4,殷墟西区,六1057,,,,/羊/头,,,,,,
,殷墟西区,八269,,,,/羊/头,,,,,,
3,殷墟西区,一531,,,,/羊/腿,,,,,,
4,殷墟西区,一439,,,,/羊;小/腿,,,,,,
,殷墟西区,三291,,,,/羊/腿,/牛/腿,腰坑/狗/整/1,填土/狗/整/1,,,
,殷墟西区,三347,,,,/羊/腿,,,,,,
3,殷墟西区,三357,,,,/羊/腿,填土/狗/整/1,腰坑/狗/整/1,,,,
4,殷墟西区,三363,,,,/羊/腿,/牛/腿,填土/狗/整/1,,,,
4,殷墟西区,三607,,,,/羊/腿,/猪/腿,填土/狗/整/1,腰坑/狗/整/1,,,
4,殷墟西区,三609,,,,/羊/腿,,,,,,
4,殷墟西区,三616,,,,/羊/腿,腰坑/狗/整/1,/猪/腿,,,,
,殷墟西区,三692,,,,/羊/腿,腰坑/狗/整/1,填土/狗/整/2,,,,
2,殷墟西区,三694,,,,/羊/腿,腰坑/狗/整/1,,,,,
,殷墟西区,三739,,,,/羊/腿,,,,,,
,殷墟西区,三741,,,,/羊/腿,,,,,,
4,殷墟西区,四220,,,,/羊/腿,腰坑/狗/整/1,/牛/腿,,,,
4,殷墟西区,四234,,,,/羊/腿,腰坑/狗/整/1,,,,,
4,殷墟西区,四235,,,,/羊/腿,,,,,,
4,殷墟西区,五1005,,,,/羊/腿,,,,,,
,殷墟西区,五1911,,,,/羊/腿,,,,,,
4,殷墟西区,五1049,,,,/羊/腿,腰坑/狗/整/1,,,,,
4,殷墟西区,五1054,,,,/羊/腿,,,,,,
4,殷墟西区,五1058,,,,/羊/腿,腰坑/狗/整/1,,,,,
4,殷墟西区,五1061,,,,/羊/腿,,,,,,
4,殷墟西区,五1063,,,,/羊/腿,腰坑/狗/整/1,,,,,
4,殷墟西区,五1064,,,,/羊/腿,,,,,,
4,殷墟西区,五1066,,,,/羊/腿,,,,,,
4,殷墟西区,八267,,,,/羊/腿,/牛/腿,,,,,
3,殷墟西区,八268,,,,/羊/腿,腰坑/狗/整/1,,,,,
4,殷墟西区,八1119,,,,/羊/腿,,,,,,
3,殷墟西区,八1139,,,,/羊/腿,腰坑/狗/整/1,填土/狗/整/1,,,,
4,殷墟西区,八1148,,,,/羊/腿,,,,,,
4,殷墟西区,一429,,,,/羊,,,,,,
3,殷墟西区,一478,,,,/牛/腿,腰坑/狗/整/1,,,,,
4,殷墟西区,二86,,,,/牛/腿,,,,,,
3,殷墟西区,三172,,,,/牛/腿,腰坑/狗/整/1,,,,,
4,殷墟西区,三332,,,,/牛/腿,填土/狗/整/1,腰坑/狗/整/1,,,,
4,殷墟西区,三701,,,,/牛/腿,,,,,,
,殷墟西区,三719,,,,/牛/腿,,,,,,
4,殷墟西区,三729,,,,/牛/腿,填土/狗/整/1,,,,,
,殷墟西区,三732,,,,/牛/腿,,,,,,
,殷墟西区,三767,,,,/牛/腿,填土/狗/整/4,,,,,
4,殷墟西区,四219,,,,/牛/腿,腰坑/狗/整/1,,,,,
4,殷墟西区,四221,,,,/牛/腿,腰坑/狗/整/1,,,,,
,殷墟西区,五186,,,,/牛/腿,,,,,,
3,殷墟西区,六102,,,,/牛/腿,,,,,,
4,殷墟西区,六1024,,,,/牛/腿,腰坑/狗/整/1,,,,,
,殷墟西区,六1933,,,,/牛/腿,,,,,,
4,殷墟西区,八269,,,,/牛/腿,/猪/头,/羊/头,腰坑/狗/整/1,填土/狗/整/1,,
3,殷墟西区,八271,,,,/牛/腿,腰坑/狗/整/1,填土/狗/整/1,,,,
4,殷墟西区,八275,,,,/牛/腿,/牛/头,填土/狗/整/2,腰坑/狗/整/1,,,
4,殷墟西区,八279,,,,/牛/腿,/羊/腿,腰坑/狗/整/1,填土/狗/整/1,,,
4,殷墟西区,三697,,,,/猪/头;腿,腰坑/狗/整/1,填土/狗/整/1,,,,
,殷墟西区,七93,,,,/猪/头,,,,,,
,殷墟西区,八269,,,,/猪/头,,,,,,
2,殷墟西区,三669,,,,/猪/腿,/鱼,,,,,
4,殷墟西区,七949,,,,/猪/腿,,,,,,
4,殷墟西区,七950,,,,/猪/腿,,,,,,
3,殷墟西区,七999,,,,/猪/腿,,,,,,
4,殷墟西区,八1121,,,,填土/狗/整/1,,,,,,
4,殷墟西区,八1120,,,,/猪/腿,腰坑/狗/整/1,,,,,
2,殷墟西区,三610,,,,/鸡/腿,二层台/狗/整/1,,,,,
3,殷墟西区,一498,,,,/狗/头,填土/狗/整/1,/牛/下颚骨,,,,
,殷墟西区,四205,,,,/狗/头,,,,,,
,殷墟西区,三640,,,,/狗/腿,,,,,,
4,殷墟西区,四1115,,,,/鱼,腰坑/狗/整/1,,,,,
3,殷墟西区,六1026,,,,/鱼,腰坑/狗/整/1,填土/狗/整/1,,,,
4,殷墟西区,七980,,,,/鱼,,,,,,
4,殷墟西区,三699,,,,马/腿,,,,,,
4,殷墟西区,三700,,,,马/腿,,,,,,
,殷墟西区,三718,,,,/兽,,,,,,
,殷墟西区,五187,,,,/兽,,,,,,
4,殷墟西区,六1037,,,,/兽,腰坑/狗/整/1,,,,,
3,殷墟西区,六1046,,,,/兽;小,,,,,,
,殷墟西区,七979,,,,/兽,,,,,,
,殷墟西区,七989,,,,/兽,,,,,,
4,殷墟西区,八284,,,,/兽,腰坑/狗/整/1,填土/狗/整/1,,,,
3,殷墟西区,八1124,,,,/兽,填土/狗/整/1,,,,,
4,殷墟西区,八1125,,,,/兽,填土/狗/整/1,,,,,
4,殷墟西区,八1141,,,,/兽,,,,,,
,殷墟西区,一468,,,,/兽/腿,,,,,,
2,殷墟西区,一464,,,,/兽/腿,,,,,,
3,殷墟西区,二72,,,,/兽/腿,,,,,,
,殷墟西区,二73,,,,/兽/腿,,,,,,
3,殷墟西区,二74,,,,/兽/腿,,,,,,
3,殷墟西区,二126,,,,/兽/腿,填土/狗/整/1,腰坑/狗/整/1,,,,
2,殷墟西区,二149,,,,/兽/腿,,,,,,
4,殷墟西区,三288,,,,/兽/腿,,,,,,
4,殷墟西区,三342,,,,/兽/腿,,,,,,
4,殷墟西区,四226,,,,/兽/腿,,,,,,
3,殷墟西区,七52,,,,/兽/腿,,,,,,
4,殷墟西区,七978,,,,/兽/腿,,,,,,
4,殷墟西区,七979,,,,/兽/腿,,,,,,
2,殷墟西区,一413,,,,腰坑/狗/整/1/水浸,填土/狗/整/1/水浸,,,,,
2,殷墟西区,一419,,,,腰坑/狗/整/1,填土/羊/腿/1,,,,,
3,殷墟西区,一422,,,,腰坑/狗/整/1,填土/狗/整/1,/羊/腿,,,,
2,殷墟西区,一423,,,,填土/狗/整/2/水浸,,,,,,
4,殷墟西区,一425,,,,填土/狗/整/1,,,,,,
4,殷墟西区,一426,,,,填土/狗/整/1/水浸,,,,,,
4,殷墟西区,一444,,,,填土/狗/整/1,,,,,,
4,殷墟西区,一445,,,,腰坑/狗/整/1,/鸡,/羊,,,,
4,殷墟西区,一449,,,,填土/狗/整/1,,,,,,
4,殷墟西区,一451,,,,填土/狗/整/1,腰坑/狗/整/1,,,,,
4,殷墟西区,一454,,,,填土/狗/整/1,,,,,,
4,殷墟西区,一459,,,,填土/狗/整/1,,,,,,
3,殷墟西区,一437,,,,/兽,,,,,,
4,殷墟西区,一462,,,,填土/狗/整/1,腰坑/狗/整/1,,,,,
4,殷墟西区,一463,,,,填土/狗/整/1,,,,,,
,殷墟西区,一465,,,,填土/狗/整/1,腰坑/狗/整/1,,,,,
3,殷墟西区,一467,,,,填土/羊/整/1,,,,,,
4,殷墟西区,一468,,,,填土/狗/整/1,腰坑/狗/整/1,/兽,,,,
3,殷墟西区,一469,,,,填土/狗/整/1,,,,,,
4,殷墟西区,一473,,,,/牛/腿,填土/狗/整/1/水浸,,,,,
2,殷墟西区,一479,,,,填土/狗/整/1,,,,,,
4,殷墟西区,一485,,,,填土/狗/整/1,,,,,,
3,殷墟西区,一490,,,,填土/狗/整/1,,,,,,
4,殷墟西区,一497,,,,填土/狗/整/1,,,,,,
2,殷墟西区,一505,,,,填土/狗/整/1,,,,,,
4,殷墟西区,一506,,,,填土/狗/整/1,,,,,,
4,殷墟西区,一507,,,,填土/狗/整/1,,,,,,
2,殷墟西区,一515,,,,填土/狗/整/1/水浸,,,,,,
4,殷墟西区,一517,,,,腰坑/狗/整/1,,,,,,
4,殷墟西区,一519,,,,填土/狗/整/1,,,,,,
3,殷墟西区,一520,,,,填土/狗/整/1,,,,,,
3,殷墟西区,一524,,,,腰坑/狗/整/1,,,,,,
3,殷墟西区,一528,,,,填土/狗/整/1,,,,,,
4,殷墟西区,一530,,,,填土/狗/整/1,,,,,,
,殷墟西区,一534,,,,腰坑/狗/整/1,,,,,,
3,殷墟西区,一535,,,,二层台/狗/整/1,二层台/猪/头/1,,,,,
2,殷墟西区,一543,,,,填土/狗/整/1,,,,,,
4,殷墟西区,二60,,,,填土/狗/整/1,腰坑/狗/整/1,,,,,
,殷墟西区,二61,,,,填土/狗/整/1,,,,,,
4,殷墟西区,二62,,,,填土/狗/整/1,,,,,,
2,殷墟西区,二65,,,,填土/狗/整/1,,,,,,
3,殷墟西区,二67,,,,填土/狗/整/1,,,,,,
3,殷墟西区,二73,,,,填土/狗/整/1,腰坑/狗/整/1,,,,,
4,殷墟西区,二77,,,,腰坑/狗/整/1,/兽/腿,,,,,
3,殷墟西区,二79,,,,腰坑/狗/整/1,,,,,,
2,殷墟西区,二81,,,,填土/狗/整/1,,,,,,
3,殷墟西区,二82,,,,填土/狗/整/1,腰坑/狗/整/1,,,,,
,殷墟西区,二83,,,,填土/狗/整/1,,,,,,
3,殷墟西区,二85,,,,填土/狗/整/1,,,,,,
2,殷墟西区,二91,,,,填土/狗/整/1,,,,,,
4,殷墟西区,二121,,,,填土/狗/整/1,,,,,,
4,殷墟西区,二122,,,,填土/狗/整/1,腰坑/狗/整/1,,,,,
2,殷墟西区,二125,,,,填土/狗/整/1,腰坑/狗/整/1,,,,,
2,殷墟西区,二127,,,,腰坑/狗/整/1,,,,,,
3,殷墟西区,二128,,,,腰坑/狗/整/1,,,,,,
4,殷墟西区,二129,,,,腰坑/狗/整/1,,,,,,
4,殷墟西区,三171,,,,腰坑/狗/整/1,,,,,,
,殷墟西区,三292,,,,填土/狗/整/2,,,,,,
3,殷墟西区,三294,,,,腰坑/狗/整/1,填土/狗/整/1,,,,,
3,殷墟西区,三295,,,,腰坑/狗/整/1,填土/狗/整/1,,,,,
3,殷墟西区,三296,,,,填土/狗/整/1,,,,,,
3,殷墟西区,三298,,,,填土/狗/整/1,,,,,,
4,殷墟西区,三302,,,,腰坑/狗/整/1,填土/狗/整/1,,,,,
4,殷墟西区,三300,,,,填土/狗/整/1,,,,,,
,殷墟西区,三305,,,,腰坑/狗/整/1,,,,,,
2,殷墟西区,三306,,,,填土/狗/整/1,腰坑/狗/整/1,,,,,
,殷墟西区,三307,,,,填土/狗/整/1,腰坑/狗/整/1,,,,,
4,殷墟西区,三308,,,,填土/狗/整/1,腰坑/狗/整/1,,,,,
,殷墟西区,三310,,,,填土/狗/整/1,,,,,,
4,殷墟西区,三321,,,,填土/狗/整/1,,,,,,
3,殷墟西区,三322,,,,填土/狗/整/1,,,,,,
,殷墟西区,三326,,,,腰坑/狗/整/1,,,,,,
2,殷墟西区,三327,,,,填土/狗/整/1,,,,,,
3,殷墟西区,三333,,,,填土/狗/整/1,,,,,,
,殷墟西区,三334,,,,腰坑/狗/整/1,,,,,,
2,殷墟西区,三336,,,,填土/狗/整/1,腰坑/狗/整/1,,,,,
4,殷墟西区,三341,,,,填土/狗/整/1,,,,,,
4,殷墟西区,三346,,,,二层台/狗/整/1,,,,,,
4,殷墟西区,三347,,,,填土/狗/整/1/水浸,,,,,,
4,殷墟西区,三348,,,,填土/狗/整/1,,,,,,
4,殷墟西区,三349,,,,填土/狗/整/1,,,,,,
3,殷墟西区,三355,,,,填土/狗/整/1,腰坑/狗/整/1,,,,,
3,殷墟西区,三356,,,,二层台/狗/整/1,,,,,,
2,殷墟西区,三361,,,,填土/狗/整/1,,,,,,
3,殷墟西区,三364,,,,腰坑/狗/整/1,,,,,,
4,殷墟西区,三368,,,,/兽/腿,,,,,,
2,殷墟西区,三369,,,,填土/狗/整/1,,,,,,
4,殷墟西区,三370,,,,填土/狗/整/1,,,,,,
3,殷墟西区,三372,,,,填土/狗/整/1,腰坑/狗/整/1,,,,,
4,殷墟西区,三374,,,,填土/狗/整/1,,,,,,
3,殷墟西区,三376,,,,填土/狗/整/1,,,,,,
2,殷墟西区,三377,,,,填土/狗/整/1,,,,,,
4,殷墟西区,三380,,,,填土/狗/整/1,,,,,,
4,殷墟西区,三386,,,,腰坑/狗/整/1,,,,,,
,殷墟西区,三389,,,,填土/狗/整/1,腰坑/狗/整/1,,,,,
2,殷墟西区,三391,,,,腰坑/狗/整/1,,,,,,
4,殷墟西区,三395,,,,腰坑/狗/整/1,,,,,,
,殷墟西区,三396,,,,填土/狗/整/1,,,,,,
4,殷墟西区,三397,,,,腰坑/狗/整/1,,,,,,
4,殷墟西区,三398,,,,填土/狗/整/1,,,,,,
3,殷墟西区,三601,,,,填土/狗/整/1,,,,,,
3,殷墟西区,三605,,,,填土/狗/整/1,腰坑/狗/整/1,,,,,
4,殷墟西区,三606,,,,填土/狗/整/1,腰坑/狗/整/1,,,,,
,殷墟西区,三608,,,,填土/狗/整/1,,,,,,
4,殷墟西区,三611,,,,填土/狗/整/1,,,,,,
3,殷墟西区,三612,,,,填土/狗/整/1,腰坑/狗/整/1,,,,,
2,殷墟西区,三613,,,,填土/狗/整/1,腰坑/狗/整/1,二层台/狗/整/1,,,,
,殷墟西区,三614,,,,填土/狗/整/1,腰坑/狗/整/1,,,,,
4,殷墟西区,三617,,,,腰坑/狗/整/1,填土/狗/整/1,,,,,
2,殷墟西区,三619,,,,二层台/狗/整/1,,,,,,
4,殷墟西区,三620,,,,填土/狗/整/1,腰坑/狗/整/1,,,,,
,殷墟西区,三625,,,,填土/狗/整/1,腰坑/狗/整/1,,,,,
3,殷墟西区,三626,,,,填土/狗/整/1,腰坑/狗/整/1,,,,,
2,殷墟西区,三627,,,,腰坑/狗/整/1,,,,,,
3,殷墟西区,三635,,,,腰坑/狗/整/1,,,,,,
3,殷墟西区,三637,,,,腰坑/狗/整/1,,,,,,
2,殷墟西区,三638,,,,二层台/狗/整/1,,,,,,
3,殷墟西区,三643,,,,腰坑/狗/整/1,填土/狗/整/1,,,,,
,殷墟西区,三644,,,,填土/狗/整/1,,,,,,
4,殷墟西区,三645,,,,腰坑/狗/整/1,填土/狗/整/1,,,,,
,殷墟西区,三647,,,,腰坑/狗/整/1,,,,,,
3,殷墟西区,三655,,,,填土/狗/整/1,,,,,,
2,殷墟西区,三656,,,,腰坑/狗/整/1,二层台/狗/整/1,,,,,
3,殷墟西区,三659,,,,腰坑/狗/整/1,,,,,,
,殷墟西区,三661,,,,腰坑/狗/整/1,,,,,,
4,殷墟西区,三666,,,,填土/狗/整/1,,,,,,
4,殷墟西区,三667,,,,腰坑/狗/整/1,填土/狗/整/1,,,,,
4,殷墟西区,三672,,,,填土/狗/整/1,,,,,,
4,殷墟西区,三674,,,,填土/狗/整/1,,,,,,
,殷墟西区,三678,,,,填土/狗/整/1,,,,,,
2,殷墟西区,三682,,,,填土/狗/整/1,,,,,,
3,殷墟西区,三684,,,,腰坑/狗/整/1,,,,,,
4,殷墟西区,三687,,,,填土/狗/整/1,,,,,,
3,殷墟西区,三689,,,,腰坑/狗/整/1,填土/狗/整/1,,,,,
4,殷墟西区,三691,,,,填土/狗/整/1,,,,,,
4,殷墟西区,三696,,,,填土/狗/整/1,,,,,,
4,殷墟西区,三698,,,,车马坑/马,,,,,,
,殷墟西区,三703,,,,腰坑/狗/整/1,,,,,,
4,殷墟西区,三709,,,,腰坑/狗/整/1,,,,,,
4,殷墟西区,三711,,,,填土/狗/整/1,,,,,,
4,殷墟西区,三712,,,,腰坑/狗/整/1,,,,,,
4,殷墟西区,三713,,,,填土/狗/整/1,/牛/腿,,,,,
4,殷墟西区,三714,,,,腰坑/狗/整/1,填土/狗/整/1,,,,,
4,殷墟西区,三717,,,,腰坑/狗/整/1,填土/狗/整/1,,,,,
4,殷墟西区,三718,,,,填土/狗/整/1,,,,,,
4,殷墟西区,三719,,,,填土/狗/整/2,,,,,,
2,殷墟西区,三720,,,,腰坑/狗/整/1,,,,,,
3,殷墟西区,三722,,,,填土/狗/整/1,,,,,,
4,殷墟西区,三723,,,,填土/狗/整/1,,,,,,
3,殷墟西区,三724,,,,腰坑/狗/整/1,,,,,,
3,殷墟西区,三727,,,,腰坑/狗/整/1,,,,,,
4,殷墟西区,三731,,,,填土/狗/整/1,,,,,,
4,殷墟西区,三732,,,,填土/狗/整/1,,,,,,
4,殷墟西区,三733,,,,腰坑/狗/整/1,填土/狗/整/1,,,,,
4,殷墟西区,三735,,,,腰坑/狗/整/1,,,,,,
4,殷墟西区,三736,,,,填土/狗/整/1,,,,,,
4,殷墟西区,三737,,,,填土/狗/整/1,,,,,,
4,殷墟西区,三739,,,,填土/狗/整/1,,,,,,
3,殷墟西区,三742,,,,填土/狗/整/1,腰坑/狗/整/1,,,,,
4,殷墟西区,三743,,,,腰坑/狗/整/1,,,,,,
,殷墟西区,三744,,,,填土/狗/整/1,,,,,,
3,殷墟西区,三757,,,,填土/狗/整/1,腰坑/狗/整/1,,,,,
3,殷墟西区,三764,,,,填土/狗/整/1,腰坑/狗/整/1,,,,,
,殷墟西区,三769,,,,填土/狗/整/1,,,,,,
3,殷墟西区,三770,,,,填土/狗/整/1,,,,,,
3,殷墟西区,三773,,,,填土/狗/整/1,,,,,,
2,殷墟西区,三775,,,,腰坑/狗/整/1,,,,,,
3,殷墟西区,三777,,,,填土/狗/整/1,,,,,,
2,殷墟西区,三778,,,,腰坑/狗/整/1,,,,,,
3,殷墟西区,三780,,,,填土/狗/整/1,腰坑/狗/整/1,,,,,
4,殷墟西区,三781,,,,填土/狗/整/1,腰坑/狗/整/1,,,,,
4,殷墟西区,三783,,,,填土/狗/整/1,,,,,,
4,殷墟西区,三785,,,,填土/狗/整/1,腰坑/狗/整/1,,,,,
4,殷墟西区,三786,,,,填土/狗/整/1,,,,,,
3,殷墟西区,三789,,,,填土/狗/整/1,,,,,,
3,殷墟西区,三790,,,,填土/狗/整/1,,,,,,
2,殷墟西区,三792,,,,填土/狗/整/1,,,,,,
4,殷墟西区,三793,,,,填土/狗/整/1,腰坑/狗/整/1,,,,,
4,殷墟西区,三794,,,,填土/狗/整/1,腰坑/狗/整/1,,,,,
4,殷墟西区,三797,,,,填土/狗/整/1,,,,,,
,殷墟西区,三798,,,,腰坑/狗/整/1,,,,,,
4,殷墟西区,三799,,,,腰坑/狗/整/1,填土/狗/整/1,,,,,
4,殷墟西区,三800,,,,腰坑/狗/整/1,填土/狗/整/1,,,,,
3,殷墟西区,三803,,,,填土/狗/整/1,,,,,,
3,殷墟西区,三808,,,,填土/狗/整/1,,,,,,
3,殷墟西区,三809,,,,腰坑/狗/整/1,,,,,,
4,殷墟西区,三810,,,,填土/狗/整/1,,,,,,
4,殷墟西区,三811,,,,填土/狗/整/1,,,,,,
3,殷墟西区,三814,,,,腰坑/狗/整/1,填土/狗/整/1,,,,,
3,殷墟西区,三819,,,,腰坑/狗/整/1,填土/狗/整/1,/牛/腿,,,,
4,殷墟西区,三822,,,,填土/狗/整/1,,,,,,
4,殷墟西区,三823,,,,腰坑/狗/整/1,,,,,,
3,殷墟西区,三824,,,,腰坑/狗/整/1,,,,,,
4,殷墟西区,三825,,,,腰坑/狗/整/1,,,,,,
,殷墟西区,三827,,,,填土/狗/整/1,,,,,,
3,殷墟西区,三829,,,,填土/狗/整/1,,,,,,
,殷墟西区,三838,,,,填土/狗/整/1,,,,,,
,殷墟西区,三844,,,,腰坑/狗/整/1,,,,,,
4,殷墟西区,三845,,,,腰坑/狗/整/1,,,,,,
3,殷墟西区,三846,,,,腰坑/狗/整/1,,,,,,
4,殷墟西区,三847,,,,填土/狗/整/1,腰坑/狗/整/1,,,,,
,殷墟西区,三848,,,,填土/狗/整/1,,,,,,
4,殷墟西区,三853,,,,填土/狗/整/1,,,,,,
,殷墟西区,三854,,,,腰坑/狗/整/1,填土/狗/整/1,,,,,
,殷墟西区,三855,,,,腰坑/狗/整/1,,,,,,
4,殷墟西区,三856,,,,腰坑/狗/整/1,填土/狗/整/1,,,,,
4,殷墟西区,三857,,,,腰坑/狗/整/1,,,,,,
3,殷墟西区,三858,,,,腰坑/狗/整/1,,,,,,
4,殷墟西区,三861,,,,腰坑/狗/整/1,,,,,,
4,殷墟西区,四201,,,,腰坑/狗/整/1,,,,,,
4,殷墟西区,四202,,,,腰坑/狗/整/1,,,,,,
4,殷墟西区,四204,,,,腰坑/狗/整/1,,,,,,
4,殷墟西区,四206,,,,腰坑/狗/整/1,,,,,,
,殷墟西区,四211,,,,腰坑/狗/整/1,,,,,,
,殷墟西区,四214,,,,腰坑/狗/整/1,,,,,,
4,殷墟西区,四216,,,,二层台/马/整/1,,,,,,
4,殷墟西区,四217,,,,腰坑/狗/整/1,二层台/马/整/1,,,,,
4,殷墟西区,四222,,,,腰坑/狗/整/1,填土/狗/整/1,,,,,
4,殷墟西区,四223,,,,腰坑/狗/整/1,,,,,,
4,殷墟西区,四250,,,,腰坑/狗/整/1,,,,,,
4,殷墟西区,四251,,,,腰坑/狗/整/1,填土/狗/整/1,,,,,
4,殷墟西区,四252,,,,腰坑/狗/整/1,,,,,,
4,殷墟西区,四1105,,,,腰坑/狗/整/1,填土/狗/整/1,,,,,
4,殷墟西区,四1106,,,,腰坑/狗/整/1,,,,,,
4,殷墟西区,四1108,,,,腰坑/狗/整/1,,,,,,
,殷墟西区,四1113,,,,填土/狗/整/1,,,,,,
4,殷墟西区,五4,,,,/牛/腿,,,,,,
4,殷墟西区,五5,,,,/兽,,,,,,
,殷墟西区,六7,,,,/马,,,,,,
3,殷墟西区,六9,,,,腰坑/狗/整/1,填土/狗/整/1,,,,,
3,殷墟西区,六14,,,,填土/狗/整/1,,,,,,
4,殷墟西区,六21,,,,腰坑/狗/整/1,,,,,,
,殷墟西区,六29,,,,腰坑/狗/整/1,,,,,,
3,殷墟西区,六42,,,,填土/狗/整/1,,,,,,
4,殷墟西区,六98,,,,填土/狗/整/1,,,,,,
4,殷墟西区,六101,,,,填土/狗/整/1,,,,,,
4,殷墟西区,六103,,,,腰坑/狗/整/1,填土/狗/整/1,,,,,
,殷墟西区,六159,,,,腰坑/狗/整/1,,,,,,
2,殷墟西区,六161,,,,腰坑/狗/整/1,填土/狗/整/1,/牛/腿,,,,
4,殷墟西区,六1001,,,,腰坑/狗/整/1,,,,,,
4,殷墟西区,六1002,,,,腰坑/狗/整/1,,,,,,
4,殷墟西区,六1003,,,,腰坑/狗/整/1,,,,,,
4,殷墟西区,六1006,,,,腰坑/鱼/整/1,/羊/腿,,,,,
3,殷墟西区,六1010,,,,腰坑/狗/整/1,填土/狗/整/1,,,,,
,殷墟西区,六1012,,,,腰坑/狗/整/1,,,,,,
3,殷墟西区,六1011,,,,/羊/腿,,,,,,
4,殷墟西区,六1015,,,,填土/狗/整/1,,,,,,
4,殷墟西区,六1018,,,,腰坑/狗/整/1,,,,,,
4,殷墟西区,六1023,,,,腰坑/狗/整/1,,,,,,
4,殷墟西区,六1022,,,,/兽;小,,,,,,
4,殷墟西区,六1028,,,,腰坑/狗/整/1,填土/狗/整/1,,,,,
3,殷墟西区,六1029,,,,二层台/猪/整/1,腰坑/狗/整/1,,,,,
,殷墟西区,六1030,,,,腰坑/狗/整/1,,,,,,
4,殷墟西区,六1033,,,,腰坑/狗/整/1,填土/狗/整/1,,,,,
4,殷墟西区,六1035,,,,填土/狗/整/1,,,,,,
4,殷墟西区,六1042,,,,腰坑/狗/整/1,,,,,,
4,殷墟西区,六1043,,,,腰坑/狗/整/1,,,,,,
4,殷墟西区,六1044,,,,填土/狗/整/1,,,,,,
4,殷墟西区,六1053,,,,腰坑/狗/整/1,,,,,,
4,殷墟西区,六1070,,,,腰坑/狗/整/1,填土/狗/整/1,,,,,
,殷墟西区,六1074,,,,腰坑/狗/整/1,填土/狗/整/1,,,,,
4,殷墟西区,六1075,,,,腰坑/狗/整/1,,,,,,
,殷墟西区,六1078,,,,填土/狗/整/1,,,,,,
4,殷墟西区,六1082,,,,腰坑/狗/整/1,,,,,,
4,殷墟西区,六1085,,,,腰坑/狗/整/1,,,,,,
,殷墟西区,六1091,,,,腰坑/狗/整/1,,,,,,
4,殷墟西区,六1103,,,,腰坑/狗/整/1,填土/狗/整/1,,,,,
,殷墟西区,七43,,,,车马坑/马/整/2,,,,,,
4,殷墟西区,七46,,,,腰坑/狗/整/1,,,,,,
3,殷墟西区,七50,,,,填土/狗/整/1,,,,,,
4,殷墟西区,七53,,,,腰坑/狗/整/1,,,,,,
3,殷墟西区,七55,,,,腰坑/狗/整/1,,,,,,
,殷墟西区,七150,,,,马坑/马/整/2,,,,,,
,殷墟西区,七151,,,,车马坑/马/整/2,,,,,,
,殷墟西区,七914,,,,填土/狗/整/2,,,,,,
4,殷墟西区,七921,,,,填土/狗/整/1,,,,,,
4,殷墟西区,七922,,,,填土/狗/整/1,腰坑/狗/整/1,,,,,
4,殷墟西区,七923,,,,填土/狗/整/1,,,,,,
3,殷墟西区,七928,,,,填土/狗/整/1,,,,,,
3,殷墟西区,七929,,,,填土/狗/整/1,/兽,,,,,
,殷墟西区,七931,,,,填土/狗/整/1,,,,,,
4,殷墟西区,七934,,,,填土/狗/整/1,,,,,,
3,殷墟西区,七936,,,,填土/狗/整/1,,,,,,
4,殷墟西区,七953,,,,填土/狗/整/1,,,,,,
4,殷墟西区,七960,,,,填土/狗/整/1,腰坑/狗/整/1,,,,,
,殷墟西区,七969,,,,填土/狗/整/1,,,,,,
3,殷墟西区,七970,,,,填土/狗/整/1,腰坑/狗/整/1,/兽,,,,
3,殷墟西区,七973,,,,填土/狗/整/1,,,,,,
3,殷墟西区,七974,,,,填土/狗/整/1,,,,,,
,殷墟西区,七981,,,,填土/狗/整/1,,,,,,
,殷墟西区,七983,,,,填土/狗/整/1,腰坑/狗/整/1,,,,,
2,殷墟西区,七991,,,,腰坑/狗/整/1,,,,,,
3,殷墟西区,七992,,,,填土/狗/整/1,,,,,,
3,殷墟西区,七994,,,,腰坑/狗/整/1,,,,,,
,殷墟西区,八94,,,,填土/狗/整/1,腰坑/狗/整/1,,,,,
4,殷墟西区,八95,,,,填土/狗/整/1,,,,,,
4,殷墟西区,八261,,,,腰坑/狗/整/1,,,,,,
4,殷墟西区,八263,,,,填土/狗/整/1,,,,,,
2,殷墟西区,八265,,,,腰坑/狗/整/1,,,,,,
4,殷墟西区,八274,,,,填土/狗/整/1,,,,,,
4,殷墟西区,八280,,,,填土/狗/整/1,,,,,,
3,殷墟西区,八1127,,,,填土/狗/整/1,,,,,,
,殷墟西区,八1129,,,,腰坑/狗/整/1,填土/狗/整/1,,,,,
4,殷墟西区,八1136,,,,填土/狗/整/1,,,,,,
4,殷墟西区,八1144,,,,腰坑/狗/整/1,填土/狗/整/1,,,,,
,四盘磨,SPM2,,,,腰坑/狗/整/1,,,,,,
,四盘磨,SPM5,,,,/狗,,,,,,
,四盘磨,SPM15,,,,/兽/肢/2,,,,,,
,四盘磨,SPM1,,/头西/奴隶,,/牛/肢/1,,,,,,
,五道沟,WTKM1,,,,腰坑/狗/整/1,,,,,,
,五道沟,WTKM2,,,,腰坑/狗/头/1,,,,,,
2,西北冈,84AWBM260,,女//王室,甲形,腰坑/狗/整/1/头北,/马,/牛,/羊,/猪,,
2,西北冈,84AWBM259,,/头南,,填土/狗/整/1,二层台/狗/整/5,二层台/牛/腿/1,,,,
1,小屯,乙区M188,,,竖穴木椁,/狗,,,,,,
1,小屯,乙区M232,,,竖穴木椁,/狗,,,,,,
1,小屯,丙区M333,,,竖穴木椁,/狗,,,,,,
1,小屯,丙区M388,,,竖穴木椁,/狗,,,,,,
4晚,殷墟西区,七84M1713,,/头南/军事贵族,长方竖穴,腰坑/狗/整/1/头南,墓室/狗/整/1,二层台/牛/腿;骶/2,二层台/羊/腿/1,,,
,殷墟西区,七M43,,,车马坑,车马坑/马/整/2,,,,,,
,殷墟西区,七M150,,,马坑,马坑/马/整/2,,,,,,
,殷墟西区,七M151,,,车马坑,车马坑/马/整/2,,,,,,
,殷墟西区,六M7,,,车马坑,车马坑/马/整,,,,,,
,殷墟西区,M698,,,墓道马坑,墓道/马/整/2,,,,,,
2,铁三路,2006ATSM89,,/头北/中,长方竖穴,椁室/牛/腿/1,椁室/狗/整/1/头北,,,,,
中商,陶家营,21M12,,男/头北/中高,长方竖穴,腰坑/狗/整/1/头北,二层台/狗/整/2,,,,,
,刘家庄,92ALNM346,,,车马坑,车马坑/马,,,,,,
,刘家庄,92ALNM347,,,车马坑,车马坑/马,,,,,,
,刘家庄,92ALNM348,,,车马坑,车马坑/马,,,,,,
,刘家庄,92ALNM350,,,车马坑,车马坑/马,,,,,,
,刘家庄,93ALNM438,,,车马坑,车马坑/马,,,,,,
,刘家庄,93ALNM439,,,车马坑,车马坑/马,,,,,,
,郭家庄,87AGNM52,,///M172,车马坑,车马坑/马,马羊坑/马,马羊坑/羊,,,,
,郭家庄,87AGNM58,,///M172,车马坑,车马坑/马,马羊坑/马,马羊坑/羊,,,,
,郭家庄,89AGNM146,,///M160,车马坑,车马坑/马,马羊坑/马,马羊坑/羊,,,,
,郭家庄,89AGNM147,,///M160,车马坑,车马坑/马,马羊坑/马,马羊坑/羊,,,,
,刘家庄,M339,,,拆车葬,/马/整/2,,,,,,
3,戚家庄,AGSM269,爰/大贵,,长方竖穴,腰坑/狗/下颌/1/头北,填土/狗/整/1/头南,二层台/牛/头/1,二层台/羊/头/2,椁盖/羊/腿/2,二层台/牛/腿/1,
4晚,戚家庄,戚家庄M3,,,长方竖穴,棺盖/羊/腿/1,,,,,,
4晚,戚家庄,戚家庄M8,,,长方竖穴,腰坑/狗/整/1/头南,二层台/羊/腿/1,,,,,
2,戚家庄,戚家庄M12,,///M13,长方竖穴/异穴并葬,棺盖/羊/腿/1,填土/狗/整/1/头北,,,,,
4晚,戚家庄,戚家庄M30,,,长方竖穴,填土/狗/整/1/头南,,,,,,
4早,戚家庄,戚家庄M38,,女,长方竖穴,墓主骨/狗/头/1/头西,,,,,,
4早,戚家庄,戚家庄M41,,,长方竖穴,腰坑/狗/整/1,,,,,,
4晚,戚家庄,戚家庄M42,,女,长方竖穴,腰坑/狗/整/1/头南,,,,,,
4早,戚家庄,戚家庄M50,,,长方竖穴,腰坑/狗/整/1,填土/蚌鱼//1,,,,,
4早,戚家庄,戚家庄M54,,,长方竖穴,腰坑/狗/整/1,,,,,,
4晚,戚家庄,戚家庄M60,,,长方竖穴,二层台/羊/腿/1,,,,,,
4早,戚家庄,戚家庄M63,箙?/中小贵,,长方竖穴,填土/狗/整/1/头东,腰坑/狗/整/1/头北,,,,,
4早,戚家庄,戚家庄M77,,男,长方竖穴,腰坑/狗/整/1/头北,,,,,,
4晚,戚家庄,戚家庄M94,,,长方竖穴,盗洞/牛/腿/1,/蚌鱼//5,,,,,
4早,戚家庄,戚家庄M98,,,长方竖穴,腰坑/狗/整/1/头北,,,,,,
4晚,戚家庄,戚家庄M104,,,长方竖穴,腰坑/狗/整/1/头北,,,,,,
3,戚家庄,戚家庄M106,,,长方竖穴,腰坑/狗/整/1/头北,,,,,,
4早,戚家庄,戚家庄M108,,,长方竖穴,腰坑/狗/整/1,,,,,,
3,戚家庄,戚家庄M112,,,长方竖穴,腰坑/狗/整/1,,,,,,
4早,戚家庄,戚家庄M121,,,长方竖穴,二层台/羊/腿/1,,,,,,
3,戚家庄,戚家庄M128,,童,长方竖穴,腰坑/狗/整/1/头北,,,,,,
,戚家庄,戚家庄M133,,,长方竖穴,填土/马/整/1/头东/侧卧,,,,,,
2,戚家庄,戚家庄M139,,,长方竖穴,填土/狗/整/1,,,,,,
4早,戚家庄,戚家庄M153,,,长方竖穴,腰坑/狗/整/1/头北,,,,,,
3,戚家庄,戚家庄M158,,,长方竖穴,腰坑/狗/整/1/头北,,,,,,
4晚,戚家庄,戚家庄M165,,,长方竖穴,腰坑/狗/整/1/头北,,,,,,
3,戚家庄,戚家庄M178,,,长方竖穴,腰坑/狗/整/1/头北,,,,,,
4早,戚家庄,戚家庄M179,,少年,长方竖穴,二层台/羊/腿/1,,,,,,
3,戚家庄,戚家庄M189,,,长方竖穴,腰坑/狗/整/1/头北,,,,,,
3,戚家庄,戚家庄M190,,,长方竖穴,腰坑/狗/整/1,,,,,,
4早,戚家庄,戚家庄M191,,,长方竖穴,腰坑/狗/整/1/头北,,,,,,
4早,戚家庄,戚家庄M192,,男,长方竖穴,腰坑/狗/整/1/头北,,,,,,
3,戚家庄,戚家庄M193,,,长方竖穴,腰坑/狗/整/1/头北,,,,,,
4晚,戚家庄,戚家庄M200,,,长方竖穴,腰坑/狗/整/1/头北,盘/兽,,,,,
4晚,戚家庄,戚家庄M205,,,长方竖穴,二层台/羊/腿/1,二层台/牛/腿/1,,,,,
4晚,戚家庄,戚家庄M215,,,长方竖穴,二层台/羊/腿/1,,,,,,
4早,戚家庄,戚家庄M221,,,长方竖穴,腰坑/狗/整/1/头北,/牛/腿/1,,,,,
4晚,戚家庄,戚家庄M222,,,长方竖穴,二层台/羊/腿/1,,,,,,
4早,戚家庄,戚家庄M223,,,长方竖穴,腰坑/狗/整/1/头北,,,,,,
4早,戚家庄,戚家庄M224,,,长方竖穴,腰坑/狗/整/1/头北,/牛/肩胛骨,,,,,
4晚,戚家庄,戚家庄M231,再/中小贵,,长方竖穴,腰坑/狗/整/1,二层台/牛/腿/1,二层台/羊/腿/2,,,,
4早,戚家庄,戚家庄M235,钺箙/小贵,,长方竖穴,填土/狗/整/1/头北,腰坑/狗/整/1/头北,,,,,
2,戚家庄,戚家庄M251,,,长方竖穴,填土/狗/整/1/头南,腰坑/鸡,,,,,
4早,戚家庄,戚家庄M252,,,长方竖穴,腰坑/狗/整/1/头北,,,,,,
3,戚家庄,戚家庄M255,,,长方竖穴,腰坑/狗/整/1/头南,,,,,,
4晚,戚家庄,戚家庄M257,,女,长方竖穴,腰坑/狗/整/1/头北,,,,,,
2,戚家庄,戚家庄M261,,,长方竖穴,腰坑/狗/整/1/头南,,,,,,
2,戚家庄,戚家庄M265,,///M266,长方竖穴/异穴并葬,二层台/羊/腿/1,,,,,,
4晚,戚家庄,戚家庄M267,,,长方竖穴,腰坑/狗/整/1/头北,/羊/头;腿,,,,,
2,戚家庄,戚家庄M268,,,长方竖穴,腰坑/狗/整/1/头南,/羊/头;腿,,,,,
4早,戚家庄,戚家庄M146,,,长方竖穴,/蚌鱼//19,,,,,,
,徐家桥,04徐M10,,,,腰坑/狗/整/1,,,,,,
2,徐家桥,05徐M1,,,,腰坑/狗/整/1/头北,,,,,,
,徐家桥,05徐M2,,,,腰坑/狗/整/1/头北,,,,,,
,徐家桥,05徐M4,,,,腰坑/狗/整/1/头南,,,,,,
3,徐家桥,05徐M7,,,,腰坑/狗/整/1/头北,,,,,,
2,郭家庄,05-06文源绿岛M5,,/头东,,二层台/狗,二层台/马/头,二层台/马/腿,腰坑/狗/整/1/头西,,,
4,郭家庄,05-06文源绿岛M15,,/头北,,腰坑/狗/整/1/头北,,,,,,
4,郭家庄,05-06文源绿岛M25,,,,腰坑/狗/整/1/头北,,,,,,
3,郭家庄,05-06文源绿岛M27,,/头南,,腰坑/狗/整/1/头北,,,,,,
3,郭家庄,05-06文源绿岛M28,,/头北,,腰坑/狗/整/1/头北,,,,,,
4,郭家庄,05-06文源绿岛M38,,女/头北,,腰坑/狗/整/1/头北,,,,,,
3,郭家庄,05-06文源绿岛M40,,女/头北,,腰坑/狗/整/1/头北,,,,,,
4,郭家庄,05-06文源绿岛M41,,,,二层台/羊/腿/1,,,,,,
2,郭家庄,05-06文源绿岛M45,,/头北,,腰坑/狗/整/1/头南,,,,,,
2,郭家庄,05-06文源绿岛M46,,/头北,,腰坑/狗/整/1/头南,,,,,,
4,郭家庄,05-06文源绿岛M58,,女/头北,,腰坑/狗/整/1/头北,,,,,,
2,郭家庄,05-06文源绿岛M60,,女/头北,,腰坑/狗/整/1/头南,,,,,,
3,郭家庄,05-06文源绿岛M79,,/头南,,腰坑/狗/整/1/头北,,,,,,
4,郭家庄,05-06文源绿岛M110,,/头南,,腰坑/狗/整/1/头东,,,,,,
,郭家庄,05-06赛格金地M16,,/头南,,腰坑/狗/整/1/头南,,,,,,
3,郭家庄,05-06赛格金地M18,,/头南,,腰坑/狗/整/1,二层台/牛/腿/1,,,,,
,郭家庄,07物华公寓M41,,男/头北,,/兽/骨,,,,,,
3,郭家庄,07物华公寓M38,,男/头北,,/羊/骨/1,/鱼/骨/1,,,,,
3,王裕口,王裕口2号楼M1,,/头东,,二层台/狗/整/1,,,,,,
4,王裕口,王裕口4号楼M2,,/头南,,腰坑/狗/整/1/头西,,,,,,
1晚,大司空,04A区M2,,,,腰坑/狗/整/1,填土/狗/整/1,二层台/羊/腿/1,,,,
4早,大司空,04A区M3,,,,腰坑/兽;小/骨/1,,,,,,
3早,大司空,04A区M5,,,,腰坑/狗/整/1,,,,,,
4晚,大司空,04A区M6,,,,腰坑/狗/整/1,,,,,,
3早,大司空,04A区M10,,,,腰坑/兽/骨/1,,,,,,
2晚,大司空,04A区M11,,,,/羊/腿/1,,,,,,
4晚,大司空,04A区M18,,,,腰坑/狗/整/1,二层台/狗/整/1,,,,,
4晚,大司空,04A区M19,,,,腰坑/狗/整/1,,,,,,
4晚,大司空,04A区M20,,,,腰坑/狗/整/1,,,,,,
4晚,大司空,04A区M21,,,,腰坑/狗/整/1,,,,,,
4早,大司空,04A区M22,,,,/兽;小/骨/1,,,,,,
2,大司空,04B区M30,,,,墓底/狗/整/1,,,,,,
,大司空,04A区M31,,,,腰坑/狗/整/1,二层台/狗/整/1,,,,,
3晚,大司空,04A区M32,,,,/兽/腿/1,,,,,,
3,大司空,04A区M33,,,,腰坑/狗/整/1,,,,,,
4晚,大司空,04B区M34,,,,腰坑/狗/整/1,二层台/兽,,,,,
4,大司空,04B区M36,,,,腰坑/狗/整/1,,,,,,
,大司空,04B区M42,,,,腰坑/狗/整/1,,,,,,
2晚,大司空,04B区M43,,,,腰坑/狗/整/1,,,,,,
4晚,大司空,04B区M58,,,,腰坑/狗/整/1,填土/狗/整/1,二层台/牛/腿/1,二层台/羊/腿/1,,,
,大司空,04A区M61,,,,/鱼/鳃,,,,,,
4晚,大司空,04A区M69,,,,填土/狗/整/1,,,,,,
4,大司空,04B区M70,,,,填土/狗/整/1,,,,,,
4早,大司空,04A区M72,,,,/兽/骨,,,,,,
4晚,大司空,04A区M80,,,,/狗/整/1,,,,,,
2晚,大司空,04A区M81,,,,填土/狗/整/1,,,,,,
2晚,大司空,04C区M90,,,,/兽/骨,,,,,,
4早,大司空,04C区M91,,,,二层台/牛/腿/1,二层台/羊/腿/1,,,,,
2晚,大司空,04A区M94,,,,填土/狗/整/1,,,,,,
3晚,大司空,04A区M105,,,,腰坑/狗/整/1,,,,,,
4晚,大司空,04C区M106,,,,/兽/骨,,,,,,
2晚,大司空,04B区M108,,,,填土/狗/整/1,腰坑/狗/整/1,,,,,
4晚,大司空,04C区M111,,,,填土/狗/整/1,腰坑/狗/整/1,,,,,
4早,大司空,04C区M112,,,,/兽/骨,,,,,,
2早,大司空,04A区M121,,,,腰坑/狗/整/1,二层台/狗/整/1,,,,,
2,大司空,04A区M123,,,,二层台/狗/整/1,,,,,,
4早,大司空,04C区M126,,,,腰坑;3/狗;雄/整/1,腰坑;2/狗;雌/整/1,二层台/猪/腿/1,二层台/羊/腿/1,/鸡/骨,,
3早,大司空,04A区M127,,,,腰坑/狗/整/1,,,,,,
4早,大司空,04A区M128,,,,填土/狗/整/1,,,,,,
4,大司空,04C区M130,,,,腰坑/狗/整/1,/兽/骨,,,,,
4晚,大司空,04C区M136,,,,填土/狗/整/1,,,,,,
2晚,大司空,04C区M146,,,,/兽/骨,,,,,,
3晚,大司空,04A区M151,,,,/兽/骨,,,,,,
4早,大司空,04C区M154,,,,/兽/骨,,,,,,
3早,大司空,04C区M155,,,,填土/狗/整/1,,,,,,
2晚,大司空,04C区M158,,,,二层台/牛/腿/1,/兽/骨,/鹿/角,,,,
4晚,大司空,04C区M159,,,,/兽/骨,,,,,,
4晚,大司空,04A区M163,,,,棺/兽/腿/1,腰坑/狗/整/1,填土/狗/整/1,二层台/兽/腿/1,,,
3早,大司空,04C区M166,,,,腰坑/狗/整/1,/兽/骨,,,,,
2晚,大司空,04C区M168,,,,腰坑/狗/整/1,,,,,,
2晚,大司空,04A区M169,,,,腰坑/狗/整/1,,,,,,
4早,大司空,04A区M171,,,,二层台/狗/头/1,,,,,,
4早,大司空,04C区M172,,,,/牛/腿/1,,,,,,
3晚,大司空,04D区M203,,,,腰坑/狗/整/1,,,,,,
4,大司空,04C区M204,,,,墓室/狗/整/1,,,,,,
3晚,大司空,04D区M205,,,,/兽/骨,,,,,,
2晚,大司空,04D区M207,,,,填土/狗/整/1,,,,,,
2晚,大司空,04D区M209,,,,腰坑/狗/整/1,填土/狗/整/1,腰坑/鹿/角/1,,,,
3晚,大司空,04D区M215,,,,/兽/骨,,,,,,
4早,大司空,04D区M216,,,,腰坑/狗/整/1,,,,,,
3早,大司空,04D区M218,,,,腰坑/狗/整/1,,,,,,
2晚,大司空,04D区M219,,,,腰坑/狗/整/1,/兽/骨,,,,,
4晚,大司空,04C区M225,,,,/兽/骨,/牛/腿,/羊/腿,/狗/腿,,,
4晚,大司空,04C区M229,,,,二层台/兽/骨,,,,,,
4早,大司空,04C区M230,,,,二层台/牛/腿/1,二层台/羊/腿/1,二层台/兽/腿/1,腰坑/狗/整/1,/鱼;蚌鱼,,
4早,大司空,04C区M253,,,,腰坑/狗/整/1,,,,,,
2-3,大司空,04C区M256,,,,腰坑/狗/整/1,,,,,,
2晚,大司空,04C区M257,,,,/兽/骨,,,,,,
4晚,大司空,04C区M261,,,,腰坑/狗/整/1,/兽/骨,,,,,
1晚,大司空,04C区M264,,,,二层台/狗/整/1,,,,,,
4,大司空,04C区M271,,,,腰坑/狗/整/1,,,,,,
3早,大司空,04C区M278,,,,二层台/兽/腿/1,/兽/骨,,,,,
4早,大司空,04C区M280,,,,壁龛/狗/整/1,壁龛/兽/腿/1,/兽/骨,,,,
2晚,大司空,04C区M281,,,,壁龛/狗/整/1,壁龛/兽/腿/1,/兽/骨,,,,
2晚,大司空,04C区M285,,,,腰坑/狗/整/1,,,,,,
4早,大司空,04C区M286,,,,腰坑/狗/整/1,/牛/腿,,,,,
3早,大司空,04C区M287,,,,腰坑/狗/整/1,,,,,,
4早,大司空,04C区M292,,,,腰坑/狗/整/1,/兽/骨,,,,,
4早,大司空,04C区M298,,,,腰坑/狗/整/1,二层台/牛/腿/1,二层台/兽/骨,,,,
4,大司空,04C区M299,,,,二层台/狗/整/1,二层台/猪/腿/1,,,,,
4早,大司空,04C区M301,,,,腰坑/狗/整/1,二层台/牛/腿/1,二层台/羊/腿/1,,,,
4晚,大司空,04C区M303,,,,填土/狗/整/3,腰坑/狗/整/1,/鱼//100,,,,
3晚,大司空,04D区M303,,,,/兽/骨,,,,,,
2晚,大司空,04D区M337,,,,棺/狗/整/1,,,,,,
4早,大司空,04B区M346,,,,腰坑/狗/整/1,,,,,,
4早,大司空,04B区M348,,,,腰坑/狗/整/1,,,,,,
4早,大司空,04B区M349,,,,腰坑/狗/整/1,填土/狗/整/1,,,,,
2晚,大司空,04D区M356,,,,腰坑/狗/整/1,二层台/狗/整/1,二层台/羊/腿/1,,,,
3晚,大司空,04D区M360,,,,/兽/骨,,,,,,
2晚,大司空,04B区M364,,,,腰坑/狗/整/1,填土/狗/整/1,,,,,
,大司空,04B区M371,,,,腰坑/狗/整/1,填土/狗/整/1,,,,,
3,大司空,04D区M374,,,,腰坑/狗/整/1,/兽/牙,,,,,
4,大司空,04C区M400,,,,腰坑/狗/整/1,二层台/狗/整/1,,,,,
4晚,大司空,04D区M412,,,,腰坑/狗/整/1,填土/狗/整/1,/兽/骨,/羊/腿,/狗/腿,,
3晚,大司空,04B区M419,,,,腰坑/狗/整/1,,,,,,
2早,大司空,04B区M420,,,,腰坑/狗/整/1,,,,,,
,大司空,04B区M421,,,,底部/狗/整/1,,,,,,
3早,大司空,04B区M423,,,,腰坑/狗/整/1,填土/狗/整/1,,,,,
2晚,大司空,04D区M435,,,,腰坑/狗/整/1,/兽/骨,,,,,
2晚,大司空,04A区M444,,,,椁台;4/狗/整/1,腰坑/狗/整/1,/兽/腿,,,,
3晚,大司空,04B区M446,,,,腰坑/狗/整/1,,,,,,
3晚,大司空,04B区M453,,,,/兽/牙,,,,,,
2晚,大司空,04B区M457,,,,填土/狗/整/1,,,,,,
,孝民屯,SM102,,,,腰坑/狗/整/1,,,,,,
,孝民屯,SM104,,,,填土/狗/整/1,,,,,,
,孝民屯,SM105,,,,填土/狗/整/1,,,,,,
,孝民屯,SM107,,,,填土/狗/整/1,,,,,,
,孝民屯,SM110,,,,腰坑/狗/整/1,,,,,,
,孝民屯,NM138,,,,腰坑/狗/整/1,,,,,,
,孝民屯,NM153,,,,填土/狗/整/1,,,,,,
,孝民屯,NM154,,,,填土/狗/整/1,,,,,,
,孝民屯,NM157,,,,腰坑/狗/整/1,,,,,,
,孝民屯,NM157,,,,填土/狗/整/1,,,,,,
,孝民屯,SM16,,,,腰坑/狗/整/1,,,,,,
,孝民屯,NM169,,,,龛/狗/整/1,,,,,,
,孝民屯,NM177,,,,填土/狗/整/1,腰坑/狗/整/1,,,,,
,孝民屯,SM2,,,,填土/狗/整/2,,,,,,
,孝民屯,SM201,,,,填土/狗/整/3,,,,,,
,孝民屯,SM204,,,,腰坑/狗/整/1,,,,,,
,孝民屯,SM215,,,,腰坑/狗/整/1,,,,,,
,孝民屯,SM216,,,,填土/狗/整/1,,,,,,
,孝民屯,SM22,,,,腰坑/狗/整/1,,,,,,
,孝民屯,SM220,,,,填土/狗/整/1,,,,,,
,孝民屯,SM234,,,,腰坑/狗/整/1,,,,,,
,孝民屯,SM244,,,,腰坑/狗/整/1,,,,,,
,孝民屯,SM716,,,,腰坑/狗/整/2,,,,,,
,孝民屯,SM735,,,,填土/狗/整/1,腰坑/狗/整/1,,,,,
,孝民屯,SM736,,,,填土/狗/整/1,腰坑/狗/整/1,,,,,
,孝民屯,SM737,,,,腰坑/狗/整/1,,,,,,
,孝民屯,SM741,,,,填土/狗/整/1,,,,,,
,孝民屯,SM762,,,,填土/狗/整/1,,,,,,
,孝民屯,SM764,,,,腰坑/狗/整/1,,,,,,
,孝民屯,SM770,,,,腰坑/狗/整/1,,,,,,
,孝民屯,SM816,,,,填土/狗/整/1,,,,,,
,孝民屯,SM824,,,,腰坑/狗/整/1,,,,,,
,孝民屯,SM841,,,,填土/狗/整/1,,,,,,
,孝民屯,SM843,,,,填土/狗/整/1,,,,,,
,孝民屯,SM847,,,,腰坑/狗/整/1,,,,,,
,孝民屯,SM85,,,,棺椁/狗/整/1,,,,,,
,孝民屯,SM856,,,,腰坑/狗/整/1,,,,,,
,孝民屯,SM876,,,,腰坑/狗/整/1,,,,,,
,孝民屯,SM897,,,,腰坑/狗/整/1,,,,,,
,孝民屯,SM918,,,,腰坑/狗/整/1,,,,,,
,孝民屯,SM92,,,,填土/狗/整/1,,,,,,
,孝民屯,SM924,,,,腰坑/狗/整/1,,,,,,
,孝民屯,SM929,,,,填土/狗/整/1,,,,,,
,孝民屯,SM931,,,,腰坑/狗/整/1,,,,,,
,孝民屯,SM932,,,,填土/狗/整/1,,,,,,
,孝民屯,SM943,,,,腰坑/狗/整/1,,,,,,
,孝民屯,SM29,,,,填土/狗/整/1,腰坑/狗/整/1,,,,,
,孝民屯,SM354,,,,填土/狗/整/1,,,,,,
,孝民屯,SM356,,,,腰坑/狗/整/1,,,,,,
,孝民屯,SM358,,,,腰坑/狗/整/1,,,,,,
,孝民屯,SM368,,,,填土/狗/整/1,,,,,,
,孝民屯,SM371,,,,填土/狗/整/1,,,,,,
,孝民屯,SM375,,,,填土/狗/整/1,,,,,,
,孝民屯,SM389,,,,腰坑/狗/整/1,,,,,,
,孝民屯,SM408,,,,腰坑/狗/整/1,,,,,,
,孝民屯,SM409,,,,填土/狗/整/1,,,,,,
,孝民屯,SM41,,,,腰坑;2/狗/整/1,,,,,,
,孝民屯,SM42,,,,二层台/狗/整/1,,,,,,
,孝民屯,SM423,,,,填土/狗/整/1,,,,,,
,孝民屯,SM426,,,,腰坑/狗/整/1,,,,,,
,孝民屯,SM43,,,,填土/狗/整/1,,,,,,
,孝民屯,SM53,,,,腰坑/狗/整/1,,,,,,
,孝民屯,SM578,,,,腰坑/狗/整/1,,,,,,
,孝民屯,SM591,,,,腰坑/狗/整/1,,,,,,
,孝民屯,SM594,,,,腰坑/狗/整/1,填土/狗/整/1,,,,,
,孝民屯,SM595,,,,填土/狗/整/1,,,,,,
,孝民屯,SM60,,,,填土/狗/整/1,,,,,,
,孝民屯,SM623,,,,腰坑/狗/整/1,,,,,,
,孝民屯,SM63,,,,填土/狗/整/1,,,,,,
,孝民屯,SM646,,,,腰坑/狗/整/1,,,,,,
,孝民屯,SM647,,,,腰坑/狗/整/1,,,,,,
,孝民屯,SM671,,,,腰坑/狗/整/1,,,,,,
,孝民屯,SM674,,,,填土/狗/整/1,,,,,,
,孝民屯,SM675,,,,填土/狗/整/1,,,,,,
,孝民屯,SM687,,,,填土/狗/整/1,,,,,,
,孝民屯,SM693,,,,填土/狗/整/1,,,,,,
,孝民屯,SM702,,,,腰坑/狗/整/1,,,,,,
,孝民屯,SM711,,,,腰坑/狗/整/1,,,,,,
,大司空,58-61三区M303,,,,/兽/骨,,,,,,
,大司空,58-61三区M316,,,,/兽/骨,,,,,,
,大司空,58-61三区M321,,,,/羊/骨,/鱼/骨,,,,,
,大司空,58-61三区M322,,,,/兽/骨,,,,,,
,后冈,58-61M2,,,,/羊/骨,,,,,,
,大司空,58-61一区M104,,,,/羊/腿,,,,,,
,白家坟,58-61西B区M42,,,,/兽/骨块,,,,,,
,白家坟,58-61西B区M49,,,,/羊/腿,,,,,,
,白家坟,58-61西A区M23,,,,/兽/骨块,,,,,,
,白家坟,58-61西A区M64,,,,/兽/骨块,,,,,,
,白家坟,58-61西B区M14,,,,/羊/骨,,,,,,
,苗圃,58-61北地M48,,,,/鱼/骨/1,,,,,,
,苗圃,58-61北地M58,,,,/牛/角,,,,,,
,苗圃,58-61北地M205,,,,/鱼/骨,,,,,,
,苗圃,58-61北地M207,,,,/鱼/骨,,,,,,
,苗圃,58-61北地M246,,,,/鱼/骨,,,,,,
,苗圃,58-61北地M28,,,,/鱼/骨/2,,,,,,
,小屯,58-61西地4区M406,,,,/兽/前肢,,,,,,
,小屯,58-61西地2区M214,,,,/羊/头/2,/羊/腿/2,/牛/腿,,,,
,小屯,58-61西地2区M233,,,,/羊/头/6,/羊/腿/2,/牛/腿/3,/牛/头,,,
4早,郭家湾新村,2000M63,,,,腰坑/狗/整/1,二层台/牛/腿,,,,,
4晚,郭家湾新村,2000M65,,,,腰坑/狗/整/1,,,,,,
4早,郭家湾新村,2000M68,,,,腰坑/狗/整/1,,,,,,
4晚,郭家湾新村,2000M69,,青女,,腰坑/狗/整/1,,,,,,
4早,郭家湾新村,2000M70,,,,腰坑/鸡/整/1,腰坑/狗/整/1,填土/鸡/整/1,,,,
3,郭家湾新村,2000M72,,,,腰坑/狗/整/1,,,,,,
,郭家湾新村73,2000M73,,,,腰坑/狗/整/1,,,,,,
4早,郭家湾新村,2000M74,,,,二层台/羊/腿,,,,,,
2,郭家湾新村,2000M75,,,,腰坑/狗/整/1,,,,,,
2,郭家湾新村,2000M77,,,,腰坑/狗/整/1,,,,,,
,郭家湾新村,2000M111,,,,腰坑/狗/整/1,,,,,,
,郭家湾新村,2000M117,,,,腰坑/狗/整/1,,,,,,
4早,郭家湾新村,2000M248,,,,腰坑/狗/整/1,,,,,,
4早,郭家湾新村,2000M265,,,,腰坑/狗/整/1,,,,,,
3,郭家湾新村,2000M285,,,,腰坑/狗/整/1,,,,,,
3,郭家湾新村,2000M292,,,,腰坑/狗/整/1,,,,,,
2,郭家湾新村,2000M293,,,,腰坑/狗/整/1,/兽/骨,二层台/牛/腿/1,,,,
4早,郭家湾新村,2000M294,,,,腰坑/狗/整/1,二层台/狗//1,,,,,
2,郭家湾新村,2000M296,,,,二层台/狗//1,,,,,,
,郭家湾新村,2000M301,,,,二层台/狗/头/1,,,,,,
,郭家湾新村,2000M303,,,,二层台/狗/头/1,二层台/羊/肩胛骨/1,,,,,
x,郭家湾新村,2000M,,,,腰坑/狗/整/1,,,,,,
x,郭家湾新村,2000M,,,,腰坑/狗/整/1,,,,,,
x,郭家湾新村,2000M,,,,腰坑/狗/整/1,,,,,,
x,郭家湾新村,2000M,,,,腰坑/狗/整/1,,,,,,
x,郭家湾新村,2000M,,,,腰坑/狗/整/1,,,,,,
x,郭家湾新村,2000M,,,,腰坑/狗/整/1,,,,,,
x,郭家湾新村,2000M,,,,腰坑/狗/整/1,,,,,,
4,榕树湾,2007RSWM1,,/头东/中小,,腰坑/狗/整/1/头西背北,/羊//1,/鸡,,,,
4晚,榕树湾,2007RSWM2,,/头北,,腰坑/狗/整/1/头南,,,,,,
3,博地苑,2007M17,鬲,/头北,,腰坑/狗/整/1/头南,,,,,,
,老六庄,2006M3,,,,二层台/狗/腿/1,,,,,,
4,老六庄,2006M4,,//军事,,/狗/骨,,,,,,
3晚4早,老六庄,2006M5,,/头东,,腰坑/狗/整/1,,,,,,
,刘家庄,09AYYJYM33,,/头南,,二层台/狗/整/4,腰坑/狗/整/1/头南,,,,,
,刘家庄,09AYYJYM20,,/头南,,填土/狗/整/2,腰坑/狗/整/1/头南,,,,,
,刘家庄,09AYYJYM29,,/头南,,二层台/鱼/骨,,,,,,
,侯家庄,1002,,,,/牛/腿/1,/羊/腿/1,/猪/腿/1,,,,