ID,年度,遗址名,探方,单位,原编号,新号,位置,深度,种属,左右,部位,保存状况,愈合状况,件数,备注,M1长,M1宽,M2长,M2宽,M3长,M3宽,1,2,8,9,10,11,12,13,14,18,19,20
69,2000,HD,T31,M54,,XG15,腰坑内,,狗,右,桡骨,远端,,1,,,,,,,,,,,,,,,,,,,
70,2000,HD,T31,M54,,XG15,腰坑内,,狗,右,距骨,,,1,,"25,41","16,99",,,,,,,,,,,,,,,,
71,2000,HD,T31,M54,,XG15,腰坑内,,狗,,肋骨,,,11,,,,,,,,,,,,,,,,,,,
72,2000,HD,T31,M54,,XG15,腰坑内,,狗,,脊椎,,,25,,,,,,,,,,,,,,,,,,,
73,2000,HD,T31,M54,,XG15,腰坑内,,狗,,枢椎,,,1,,,,,,,,,,,,,,,,,,,
74,2000,HD,T31,M54,,XG15,腰坑内,,狗,,掌骨或跖骨,,,11,,,,,,,,,,,,,,,,,,,
75,2000,HD,T31,M54,,XG15,腰坑内,,狗,,第1节趾骨,,,1,,,,,,,,,,,,,,,,,,,
76,2000,HD,T31,M54,,XG15,腰坑内,,狗,一付,上颌骨,,,1,"左I2+I3+C+P2-P4，右I3+C+P2+P4+M1,头骨全长190.79,宽65.71",,,,,,,,,,,,,,,,,,
77,2000,HD,T31,M54,,XG15,腰坑内,,狗,一付,下颌骨,,,1,左I1-C+P3-M2，右C,,,,,,,"141,97","136,77",,,,,,,,"55,3",,
78,2000,HD,T31,M54,010,XG8,,深6.62米,狗,一付,肱骨,完整,,1,,"30,4","39,35","33,64","25,82",169,,,,,,,,,,,,,
79,2000,HD,T31,M54,010,XG8,,深6.62米,狗,左,尺骨,近端,愈合,1,,,,,,,,,,,,,,,,,,,
80,2000,HD,T31,M54,010,XG8,,深6.62米,狗,右,尺骨,近端,愈合,1,,,,,,,,,,,,,,,,,,,
81,2000,HD,T31,M54,010,XG8,,深6.62米,狗,左,桡骨,完整,,1,,"17,84","12,23","24,96","13,8",162,,,,,,,,,,,,,
82,2000,HD,T31,M54,010,XG8,,深6.62米,狗,右,桡骨,近端,,1,,,,,,,,,,,,,,,,,,,
83,2000,HD,T31,M54,010,XG8,,深6.62米,狗,右,股骨,近端残,,1,,,,,,,,,,,,,,,,,,,
84,2000,HD,T31,M54,010,XG8,,深6.62米,狗,,股骨,远端碎块,,2,,,,,,,,,,,,,,,,,,,
85,2000,HD,T31,M54,010,XG8,,深6.62米,狗,右,胫骨,基本完整,,1,,"33,88",,"23,39","16,87",179,,,,,,,,,,,,,
86,2000,HD,T31,M54,010,XG8,,深6.62米,狗,左,肩胛骨,,,1,,"29,21","18,39",,,,,,,,,,,,,,,,
87,2000,HD,T31,M54,010,XG8,,深6.62米,狗,一付,跟骨,,,1,,"45,4","19,2","16,16",,,,,,,,,,,,,,,
88,2000,HD,T31,M54,010,XG8,,深6.62米,狗,一付,距骨,,,1,,"26,7","17,37",,,,,,,,,,,,,,,,
89,2000,HD,T31,M54,010,XG8,,深6.62米,狗,,掌骨或跖骨,,,12,,,,,,,,,,,,,,,,,,,
90,2000,HD,T31,M54,010,XG8,,深6.62米,狗,,尾椎,,,4,,,,,,,,,,,,,,,,,,,
91,2000,HD,T31,M54,010,XG8,,深6.62米,狗,,第1节趾骨,,,1,,,,,,,,,,,,,,,,,,,
92,2000,HD,T31,M54,010,XG8,,深6.62米,狗,,肋骨,,,4,,,,,,,,,,,,,,,,,,,
93,2000,HD,T31,M54,010,XG8,,深6.62米,狗,,脊椎,,,5,,,,,,,,,,,,,,,,,,,
94,2000,HD,T31,M54,010,XG8,,深6.62米,狗,右,下颌骨,碎块,,1,"P2孔+M1,P3\P4处下颌骨愈合","22,37","9,15",,,,,,,,,,,,,,,,
95,2000,HD,T31,M54,020,XG12,北二层台中部,距地表6.85米,狗,右,肱骨,近端,残,1,,,,,,,,,,,,,,,,,,,
96,2000,HD,T31,M54,020,XG12,北二层台中部,距地表6.85米,狗,右,尺骨,远端,略残,1,,,,,,,,,,,,,,,,,,,
97,2000,HD,T31,M54,020,XG12,北二层台中部,距地表6.85米,狗,,桡骨,骨干,,1,,,,,,,,,,,,,,,,,,,
98,2000,HD,T31,M54,020,XG12,北二层台中部,距地表6.85米,狗,一付,股骨,远端,,1,,"31,07","31,37",,,,,,,,,,,,,,,,
99,2000,HD,T31,M54,020,XG12,北二层台中部,距地表6.85米,狗,一付,胫骨,完整,,1,,"33,3","32,39","21,55","16,19",178,,,,,,,,,,,,,
100,2000,HD,T31,M54,020,XG12,北二层台中部,距地表6.85米,狗,,腓骨,骨干,,1,,,,,,,,,,,,,,,,,,,
101,2000,HD,T31,M54,020,XG12,北二层台中部,距地表6.85米,狗,右,肩胛骨,,,1,,"28,83","17,82",,,,,,,,,,,,,,,,
102,2000,HD,T31,M54,020,XG12,北二层台中部,距地表6.85米,狗,一付,跟骨,,,1,,"44,18","18,09","16,54",,,,,,,,,,,,,,,
103,2000,HD,T31,M54,020,XG12,北二层台中部,距地表6.85米,狗,一付,距骨,,,1,,"26,64","18,63",,,,,,,,,,,,,,,,
104,2000,HD,T31,M54,020,XG12,北二层台中部,距地表6.85米,狗,,髌骨,,,1,,,,,,,,,,,,,,,,,,,
105,2000,HD,T31,M54,020,XG12,北二层台中部,距地表6.85米,狗,一付,掌骨,完整,,1,左右各一付,,,,,,,,,,,,,,,,,,
106,2000,HD,T31,M54,020,XG12,北二层台中部,距地表6.85米,狗,一付,跖骨,完整,,1,左右各一付,,,,,,,,,,,,,,,,,,
107,2000,HD,T31,M54,020,XG12,北二层台中部,距地表6.85米,狗,,脊椎,,,9,,,,,,,,,,,,,,,,,,,
108,2000,HD,T31,M54,020,XG12,北二层台中部,距地表6.85米,狗,,肋骨,碎块,,11,,,,,,,,,,,,,,,,,,,
109,2000,HD,T31,M54,020,XG12,北二层台中部,距地表6.85米,狗,,第1节趾骨,,,7,,,,,,,,,,,,,,,,,,,
110,2000,HD,T31,M54,020,XG12,北二层台中部,距地表6.85米,狗,,第2节趾骨,,,4,,,,,,,,,,,,,,,,,,,
111,2000,HD,T31,M54,12,XG10,,,狗,右,肱骨,近端,,1,,"26,92","35,35",,,,,,,,,,,,,,,,
112,2000,HD,T31,M54,12,XG10,,,狗,右,股骨,近端,,1,,"31,75","16,87",,,,,,,,,,,,,,,,
113,2000,HD,T31,M54,12,XG10,,,狗,左,股骨,远端,,1,,"27,34","30,63",,,,,,,,,,,,,,,,
114,2000,HD,T31,M54,12,XG10,,,狗,右,股骨,远端,,1,,,,,,,,,,,,,,,,,,,
1,2000,HD,T31,M54,03,XG2,,深4.3米,狗,右,肱骨,近端略残，远端残,近端愈合,1,,,"37,94",,,,,,,,,,,,,,,,
2,2000,HD,T31,M54,03,XG2,,深4.3米,狗,右,桡骨,完整,,1,,"17,63","12,12","23,82","14,31",161,,,,,,,,,,,,,
3,2000,HD,T31,M54,03,XG2,,深4.3米,狗,左,桡骨,远端,,1,,,,,,,,,,,,,,,,,,,
4,2000,HD,T31,M54,03,XG2,,深4.3米,狗,左,尺骨,远端残,愈合,1,,,,,,,,,,,,,,,,,,,
5,2000,HD,T31,M54,03,XG2,,深4.3米,狗,右,尺骨,远端残,愈合,1,,,,,,,,,,,,,,,,,,,
6,2000,HD,T31,M54,03,XG2,,深4.3米,狗,左,股骨,两端残，基本完整,,1,,,,,,180,,,,,,,,,,,,,
7,2000,HD,T31,M54,03,XG2,,深4.3米,狗,右,股骨,远端,,1,,,,"31,97","32,42",,,,,,,,,,,,,,
8,2000,HD,T31,M54,03,XG2,,深4.3米,狗,左,肩胛骨,,,1,,"29,55","19,01",,,,,,,,,,,,,,,,
9,2000,HD,T31,M54,03,XG2,,深4.3米,狗,右,肩胛骨,,,1,,,,,,,,,,,,,,,,,,,
10,2000,HD,T31,M54,03,XG2,,深4.3米,狗,左,盆骨,基本完整,,1,,,,,,,,,,,,,,,,,,,
11,2000,HD,T31,M54,03,XG2,,深4.3米,狗,右,盆骨,髂骨+髋臼,,1,,,,,,,,,,,,,,,,,,,
12,2000,HD,T31,M54,03,XG2,,深4.3米,狗,,掌骨或跖骨,,愈合,2,,,,,,,,,,,,,,,,,,,
13,2000,HD,T31,M54,03,XG2,,深4.3米,狗,,骶骨,,,1,,,,,,,,,,,,,,,,,,,
14,2000,HD,T31,M54,03,XG2,,深4.3米,狗,,尾椎,,,1,,,,,,,,,,,,,,,,,,,
15,2000,HD,T31,M54,03,XG2,,深4.3米,狗,,脊椎,,,17,,,,,,,,,,,,,,,,,,,
16,2000,HD,T31,M54,03,XG2,,深4.3米,狗,,肋骨,,,10,,,,,,,,,,,,,,,,,,,
17,2000,HD,T31,M54,03,XG2,,深4.3米,狗,,阴茎骨,,,1,雄性,,,,,,,,,,,,,,,,,,
115,2000,HD,T31,M54,12,XG10,,,狗,左,胫骨,近端,残,1,,,,,,,,,,,,,,,,,,,
116,2000,HD,T31,M54,12,XG10,,,狗,右,胫骨,近端,,1,,"30,39","29,65",,,,,,,,,,,,,,,,
117,2000,HD,T31,M54,12,XG10,,,狗,左,跟骨,,,1,,"42,19","17,28","16,79",,,,,,,,,,,,,,,
118,2000,HD,T31,M54,12,XG10,,,狗,,掌骨或跖骨,,,7,,,,,,,,,,,,,,,,,,,
119,2000,HD,T31,M54,12,XG10,,,狗,,第1节趾骨,,,5,,,,,,,,,,,,,,,,,,,
120,2000,HD,T31,M54,12,XG10,,,狗,,第2节趾骨,,,2,,,,,,,,,,,,,,,,,,,
121,2000,HD,T31,M54,12,XG10,,,狗,,髌骨,,,1,,,,,,,,,,,,,,,,,,,
122,2000,HD,T31,M54,12,XG10,,,狗,左,下颌骨,,,1,"保留C孔-M3孔,牙齿保留C+P3-M1","19,86","7,89",,,,,,,"69,29","63,67","30,84","38,32","32,95","19,87","18,38",,"19,03","24,71"
123,2000,HD,T31,M54,12,XG10,,,狗,左,上颌骨,,,1,I3+C,,,,,,,,,,,,,,,,,,
124,2000,HD,T31,M54,12,XG10,,,狗,右,下颌骨,,,1,M1+M2,,,,,,,,,,,,,,,,,,
125,2000,HD,T31,M54,12,XG10,,,狗,右,上颌骨,,,1,C+M1,11,"13,81",,,,,,,,,,,,,,,,
126,2000,HD,T31,M54,12,XG10,,,狗,,盆骨,髂骨碎块,,1,,,,,,,,,,,,,,,,,,,
127,2000,HD,T31,M54,011,XG9,,深6.62米,狗,左,肱骨,近端,,1,,"29,65","38,16",,,,,,,,,,,,,,,,
128,2000,HD,T31,M54,011,XG9,,深6.62米,狗,左,肱骨,远端,,1,,,,,,,,,,,,,,,,,,,
129,2000,HD,T31,M54,011,XG9,,深6.62米,狗,右,肱骨,远端,,1,,"32,04","24,77",,,,,,,,,,,,,,,,
130,2000,HD,T31,M54,011,XG9,,深6.62米,狗,右,尺骨,完整,,1,,,,,,187,,,,,,,,,,,,,
131,2000,HD,T31,M54,011,XG9,,深6.62米,狗,左,尺骨,近端,残,1,,,,,,,,,,,,,,,,,,,
132,2000,HD,T31,M54,011,XG9,,深6.62米,狗,左,桡骨,远端,,1,,,,,,,,,,,,,,,,,,,
133,2000,HD,T31,M54,011,XG9,,深6.62米,狗,右,桡骨,完整,,1,,"17,36","11,95","23,68","13,4",162,,,,,,,,,,,,,
134,2000,HD,T31,M54,011,XG9,,深6.62米,狗,左,胫骨,远端,,1,,,,,,,,,,,,,,,,,,,
135,2000,HD,T31,M54,011,XG9,,深6.62米,狗,,股骨,远端,残,1,,,,,,,,,,,,,,,,,,,
136,2000,HD,T31,M54,011,XG9,,深6.62米,狗,,腓骨,骨干,,1,,,,,,,,,,,,,,,,,,,
137,2000,HD,T31,M54,011,XG9,,深6.62米,狗,右,胫骨,完整,,1,,,"30,2","22,39","16,02",,,,,,,,,,,,,,
138,2000,HD,T31,M54,011,XG9,,深6.62米,狗,左,盆骨,基本完整,,1,,,,,,,,,,,,,,,,,,,
139,2000,HD,T31,M54,011,XG9,,深6.62米,狗,,肋骨,碎块,,4,,,,,,,,,,,,,,,,,,,
140,2000,HD,T31,M54,011,XG9,,深6.62米,狗,,脊椎,,,8,,,,,,,,,,,,,,,,,,,
141,2000,HD,T31,M54,011,XG9,,深6.62米,狗,,掌骨或跖骨,,,8,,,,,,,,,,,,,,,,,,,
142,2000,HD,T31,M54,011,XG9,,深6.62米,狗,,第1节趾骨,,,6,,,,,,,,,,,,,,,,,,,
143,2000,HD,T31,M54,011,XG9,,深6.62米,狗,,第2节趾骨,,,3,,,,,,,,,,,,,,,,,,,
144,2000,HD,T31,M54,011,XG9,,深6.62米,狗,,第3节趾骨,,,1,,,,,,,,,,,,,,,,,,,
145,2000,HD,T31,M54,011,XG9,,深6.62米,狗,,尾椎,,,4,,,,,,,,,,,,,,,,,,,
146,2000,HD,T31,M54,011,XG9,,深6.62米,狗,,髌骨,,,1,,,,,,,,,,,,,,,,,,,
147,2000,HD,T31,M54,011,XG9,,深6.62米,狗,左,跟骨,,,1,,"43,15","17,05","17,4",,,,,,,,,,,,,,,
148,2000,HD,T31,M54,011,XG9,,深6.62米,狗,一付,距骨,,,1,,"25,8","16,29",,,,,,,,,,,,,,,,
149,2000,HD,T31,M54,011,XG9,,深6.62米,狗,左,下颌骨,,,1,I1-C+P2+P3,,,,,,,,,,,,,,,,,,
150,2000,HD,T31,M54,011,XG9,,深6.62米,狗,右,下颌骨,,,1,P4-M2,"19,58","8,98","8,1","6,52",,,,,,,,,,,,,,
151,2000,HD,T31,M54,011,XG9,,深6.62米,狗,右,上颌骨,,,1,P4+M1,"12,05","14,88",,,"18,91","9,5",,,,,,,,,,,,
152,2000,HD,T31,M54,06/07,XG3/XG5,填土,深4.1米,狗,右,肱骨,近端,,1,,"30,75","40,17",,,,,,,,,,,,,,,,
153,2000,HD,T31,M54,06/07,XG3/XG5,填土,深4.1米,狗,左,桡骨,近端,,1,,"18,52","12,26",,,,,,,,,,,,,,,,
154,2000,HD,T31,M54,06/07,XG3/XG5,填土,深4.1米,狗,左,股骨,近端,,1,,,,,,,,,,,,,,,,,,,
155,2000,HD,T31,M54,06/07,XG3/XG5,填土,深4.1米,狗,左,胫骨,近端,,1,,"34,15","33,7",,,,,,,,,,,,,,,,
156,2000,HD,T31,M54,06/07,XG3/XG5,填土,深4.1米,狗,左,肩胛骨,,,1,,"31,92","18,4",,,,,,,,,,,,,,,,
157,2000,HD,T31,M54,06/07,XG3/XG5,填土,深4.1米,狗,,尺骨,骨干,,1,,,,,,,,,,,,,,,,,,,
158,2000,HD,T31,M54,06/07,XG3/XG5,填土,深4.1米,狗,左,盆骨,基本完整,,1,,,,,,,,,,,,,,,,,,,
159,2000,HD,T31,M54,06/07,XG3/XG5,填土,深4.1米,狗,右,盆骨,髋臼,,1,,,,,,,,,,,,,,,,,,,
160,2000,HD,T31,M54,06/07,XG3/XG5,填土,深4.1米,狗,,掌骨或跖骨,,,4,,,,,,,,,,,,,,,,,,,
161,2000,HD,T31,M54,06/07,XG3/XG5,填土,深4.1米,狗,,第1节趾骨,,,1,,,,,,,,,,,,,,,,,,,
18,2000,HD,T31,M54,02,XG1,,距地表2.15米,狗,一付,肱骨,完整,,1,,"26,53","35,25","27,91",21,"147,78",,,,,,,,,,,,,
19,2000,HD,T31,M54,02,XG1,,距地表2.15米,狗,左,桡骨,完整,,1,,"16,25","11,03","20,73","11,79","148,1",,,,,,,,,,,,,
20,2000,HD,T31,M54,02,XG1,,距地表2.15米,狗,右,桡骨,远端残,,1,,,,,,,,,,,,,,,,,,,
21,2000,HD,T31,M54,02,XG1,,距地表2.15米,狗,右,尺骨,远端残,愈合,1,,,,,,,,,,,,,,,,,,,
22,2000,HD,T31,M54,02,XG1,,距地表2.15米,狗,一付,股骨,完整,,1,,"34,94","16,53","27,54","29,2",163,,,,,,,,,,,,,
23,2000,HD,T31,M54,02,XG1,,距地表2.15米,狗,一付,胫骨,完整,,1,,"29,91","30,44","19,95","15,12",161,,,,,,,,,,,,,
24,2000,HD,T31,M54,02,XG1,,距地表2.15米,狗,右,肩胛骨,,,1,,"25,9","16,96",,,,,,,,,,,,,,,,
25,2000,HD,T31,M54,02,XG1,,距地表2.15米,狗,一付,腓骨,完整,,1,,,,,,"148,23",,,,,,,,,,,,,
26,2000,HD,T31,M54,02,XG1,,距地表2.15米,狗,右,盆骨,髋臼+坐骨,,1,,,,,,,,,,,,,,,,,,,
27,2000,HD,T31,M54,02,XG1,,距地表2.15米,狗,左,盆骨,髋臼+坐骨+耻骨,,1,,,,,,,,,,,,,,,,,,,
28,2000,HD,T31,M54,02,XG1,,距地表2.15米,狗,,阴茎骨,,,1,,,,,,,,,,,,,,,,,,,
29,2000,HD,T31,M54,02,XG1,,距地表2.15米,狗,右,距骨,,,1,,,"13,78",,,,,,,,,,,,,,,,
30,2000,HD,T31,M54,02,XG1,,距地表2.15米,狗,左,掌骨,,,1,一付，共4件,,,,,,,,,,,,,,,,,,
31,2000,HD,T31,M54,02,XG1,,距地表2.15米,狗,右,掌骨,,,1,一付，共4件,,,,,,,,,,,,,,,,,,
32,2000,HD,T31,M54,02,XG1,,距地表2.15米,狗,左,跖骨,,,1,一付，共4件,,,,,,,,,,,,,,,,,,
33,2000,HD,T31,M54,02,XG1,,距地表2.15米,狗,右,跖骨,,,1,一付，共4件,,,,,,,,,,,,,,,,,,
162,2000,HD,T31,M54,06/07,XG3/XG5,填土,深4.1米,狗,,尾椎,,,1,,,,,,,,,,,,,,,,,,,
163,2000,HD,T31,M54,06/07,XG3/XG5,填土,深4.1米,狗,,脊椎,,,7,,,,,,,,,,,,,,,,,,,
164,2000,HD,T31,M54,06/07,XG3/XG5,填土,深4.1米,狗,,肋骨,碎块,,7,,,,,,,,,,,,,,,,,,,
165,2000,HD,T31,M54,06/07,XG3/XG5,填土,深4.1米,狗,,头骨1,,,1,"残留顶骨\枕骨部分.部分数据未登记,在记录7页",,,,,,,,,,,,,,,,,,
166,2000,HD,T31,M54,06/07,XG3/XG5,填土,深4.1米,狗,,头骨2,,,1,"左I1-C+P1孔+P2-P4-M2,右I1-M2,部分数据未登记,在记录7页","12,34","14,62","7,17","9,6","17,27",,,,,,,,,,,,,
167,2000,HD,T31,M54,06/07,XG3/XG5,填土,深4.1米,狗,一付,下颌骨,,,1,"左C-M2,右P2-M2","19,91","8,62","8,55","6,66",,,"138,98","134,4","71,45","65,35","32,36","38,76","32,96","19,58","19,02",,"22,77","18,74"
168,2000,HD,T31,M54,021,XG11,二层台西北角,距地表6.53米,狗,一付,股骨,完整,,1,,"35,77","18,24","29,86","32,06",180,,,,,,,,,,,,,
169,2000,HD,T31,M54,021,XG11,二层台西北角,距地表6.53米,狗,左,肱骨,完整,,1,,"29,38","39,62","29,86","25,55",166,,,,,,,,,,,,,
170,2000,HD,T31,M54,021,XG11,二层台西北角,距地表6.53米,狗,右,肱骨,近端,,1,,,,,,,,,,,,,,,,,,,
171,2000,HD,T31,M54,021,XG11,二层台西北角,距地表6.53米,狗,,枢椎,,,1,,,,,,,,,,,,,,,,,,,
172,2000,HD,T31,M54,021,XG11,二层台西北角,距地表6.53米,狗,一付,胫骨,完整,,1,,"32,63","29,91","21,79","16,19",174,,,,,,,,,,,,,
173,2000,HD,T31,M54,021,XG11,二层台西北角,距地表6.53米,狗,一付,桡骨,完整,,1,,"17,18","11,43","22,76","12,69",164,,,,,,,,,,,,,
174,2000,HD,T31,M54,021,XG11,二层台西北角,距地表6.53米,狗,左,尺骨,,远端残,1,,,,,,,,,,,,,,,,,,,
175,2000,HD,T31,M54,021,XG11,二层台西北角,距地表6.53米,狗,右,尺骨,两端残,,1,,,,,,,,,,,,,,,,,,,
176,2000,HD,T31,M54,021,XG11,二层台西北角,距地表6.53米,狗,,腓骨,骨干,,1,,,,,,,,,,,,,,,,,,,
34,2000,HD,T31,M54,02,XG1,,距地表2.15米,狗,,第1节趾骨,,,13,,,,,,,,,,,,,,,,,,,
35,2000,HD,T31,M54,02,XG1,,距地表2.15米,狗,,第2节趾骨,,,9,,,,,,,,,,,,,,,,,,,
36,2000,HD,T31,M54,02,XG1,,距地表2.15米,狗,,第3节趾骨,,,4,,,,,,,,,,,,,,,,,,,
37,2000,HD,T31,M54,02,XG1,,距地表2.15米,狗,,尾椎,,,1,,,,,,,,,,,,,,,,,,,
38,2000,HD,T31,M54,02,XG1,,距地表2.15米,狗,,脊椎,,,15,,,,,,,,,,,,,,,,,,,
39,2000,HD,T31,M54,02,XG1,,距地表2.15米,狗,,肋骨,,,11,,,,,,,,,,,,,,,,,,,
40,2000,HD,T31,M54,05,XG4,,深5.1米,狗,右,肱骨,完整,近端未愈合,1,,"30,83","39,23","32,3","24,64",167,,,,,,,,,,,,,
41,2000,HD,T31,M54,05,XG4,,深5.1米,狗,左,尺骨,,愈合,1,,,,,,,,,,,,,,,,,,,
42,2000,HD,T31,M54,05,XG4,,深5.1米,狗,左,肱骨,远端,,1,,,,,,,,,,,,,,,,,,,
43,2000,HD,T31,M54,05,XG4,,深5.1米,狗,右,桡骨,完整,,1,,"17,38","11,87","24,1","14,01",162,,,,,,,,,,,,,
44,2000,HD,T31,M54,05,XG4,,深5.1米,狗,左,桡骨,近端,,1,,,,,,,,,,,,,,,,,,,
45,2000,HD,T31,M54,05,XG4,,深5.1米,狗,左,股骨,完整,,1,,"37,9","20,12","31,15","33,79",178,,,,,,,,,,,,,
46,2000,HD,T31,M54,05,XG4,,深5.1米,狗,左,胫骨,完整,,1,,"34,28","33,18","22,55","17,36",174,,,,,,,,,,,,,
47,2000,HD,T31,M54,05,XG4,,深5.1米,狗,,掌骨或跖骨,,,7,,,,,,,,,,,,,,,,,,,
48,2000,HD,T31,M54,05,XG4,,深5.1米,狗,右,尺骨,尺骨头,,1,,,,,,,,,,,,,,,,,,,
49,2000,HD,T31,M54,05,XG4,,深5.1米,狗,,腓骨,远端,,2,,,,,,,,,,,,,,,,,,,
50,2000,HD,T31,M54,05,XG4,,深5.1米,狗,右,盆骨,髋臼+坐骨,,1,,,,,,,,,,,,,,,,,,,
51,2000,HD,T31,M54,05,XG4,,深5.1米,狗,,第1节趾骨,,,1,,,,,,,,,,,,,,,,,,,
52,2000,HD,T31,M54,05,XG4,,深5.1米,狗,,盆骨,髂骨,,1,,,,,,,,,,,,,,,,,,,
53,2000,HD,T31,M54,05,XG4,,深5.1米,狗,一付,下颌骨,,,1,左P4-M2，右C+P3-M3,"20,49","8,32","8,86","6,46","4,5","3,86","140,21","136,26","71,91","66,05","33,33","39,1","32,56","21,42","19,55",,"26,74","21,87"
54,2000,HD,T31,M54,05,XG4,,深5.1米,狗,一付,上颌骨,,,1,左I3+C+P3-M2，右C+P4-M2,"12,56","14,61","7,35","8,89","17,24","8,7",,,,,,,,,,,,
55,2000,HD,T31,M54,,XG15,腰坑内,,狗,一付,肱骨,完整,,1,,"25,69","34,91","28,58","22,35",154,,,,,,,,,,,,,
56,2000,HD,T31,M54,,XG15,腰坑内,,狗,一付,盆骨,基本完整,,1,,,,,,,,,,,,,,,,,,,
57,2000,HD,T31,M54,,XG15,腰坑内,,狗,右,尺骨,完整,,1,,,,,,172,,,,,,,,,,,,,
58,2000,HD,T31,M54,,XG15,腰坑内,,狗,一付,股骨,完整,,1,,"34,86","17,8","28,1","29,05",177,,,,,,,,,,,,,
59,2000,HD,T31,M54,,XG15,腰坑内,,狗,一付,肩胛骨,基本完整,,1,,"26,47","16,99",,,,,,,,,,,,,,,,
60,2000,HD,T31,M54,,XG15,腰坑内,,狗,左,胫骨,完整,,1,,"30,34","32,04","20,3","15,66",173,,,,,,,,,,,,,
62,2000,HD,T31,M54,,XG15,腰坑内,,狗,左,尺骨,近端,愈合,1,,,,,,,,,,,,,,,,,,,
63,2000,HD,T31,M54,,XG15,腰坑内,,狗,右,胫骨,近端,,1,,,,,,,,,,,,,,,,,,,
64,2000,HD,T31,M54,,XG15,腰坑内,,狗,,寰椎,完整,,1,,"69,32","24,55",,,,,,,,,,,,,,,,
65,2000,HD,T31,M54,,XG15,腰坑内,,狗,一付,跟骨,,,1,,"41,7","17,44","16,49",,,,,,,,,,,,,,,
66,2000,HD,T31,M54,,XG15,腰坑内,,狗,右,胫骨,远端,,1,,,,,,,,,,,,,,,,,,,
67,2000,HD,T31,M54,,XG15,腰坑内,,狗,右,桡骨,近端,,1,,"16,88","11,35",,,,,,,,,,,,,,,,
68,2000,HD,T31,M54,,XG15,腰坑内,,狗,左,桡骨,远端,,1,,"21,88","12,67",,,,,,,,,,,,,,,,
177,2000,HD,T31,M54,021,XG11,二层台西北角,距地表6.53米,狗,左,肩胛骨,,,1,,"29,37","18,27",,,,,,,,,,,,,,,,
178,2000,HD,T31,M54,021,XG11,二层台西北角,距地表6.53米,狗,右,肩胛骨,,,1,,,,,,,,,,,,,,,,,,,
179,2000,HD,T31,M54,021,XG11,二层台西北角,距地表6.53米,狗,,骶骨,,,1,,,,,,,,,,,,,,,,,,,
180,2000,HD,T31,M54,021,XG11,二层台西北角,距地表6.53米,狗,左,盆骨,,,1,,,,,,,,,,,,,,,,,,,
181,2000,HD,T31,M54,021,XG11,二层台西北角,距地表6.53米,狗,右,盆骨,,,1,,,,,,,,,,,,,,,,,,,
182,2000,HD,T31,M54,021,XG11,二层台西北角,距地表6.53米,狗,,寰椎,碎块,,1,,,,,,,,,,,,,,,,,,,
183,2000,HD,T31,M54,021,XG11,二层台西北角,距地表6.53米,狗,一付,跟骨,,,1,,"44,88","18,85","16,48",,,,,,,,,,,,,,,
184,2000,HD,T31,M54,021,XG11,二层台西北角,距地表6.53米,狗,一付,距骨,,,1,,"26,14","17,6",,,,,,,,,,,,,,,,
185,2000,HD,T31,M54,021,XG11,二层台西北角,距地表6.53米,狗,,脊椎,,,20,,,,,,,,,,,,,,,,,,,
186,2000,HD,T31,M54,021,XG11,二层台西北角,距地表6.53米,狗,,肋骨,,,9,,,,,,,,,,,,,,,,,,,
187,2000,HD,T31,M54,021,XG11,二层台西北角,距地表6.53米,狗,,掌骨或跖骨,,,14,,,,,,,,,,,,,,,,,,,
188,2000,HD,T31,M54,021,XG11,二层台西北角,距地表6.53米,狗,,第1节趾骨,,,3,,,,,,,,,,,,,,,,,,,
189,2000,HD,T31,M54,021,XG11,二层台西北角,距地表6.53米,狗,,阴茎骨,,,1,,,,,,,,,,,,,,,,,,,
190,2000,HD,T31,M54,021,XG11,二层台西北角,距地表6.53米,狗,一付,上颌骨,,,1,"左P3-M2,右P2-M1",,,,,,,,,,,,,,,,,,
191,2000,HD,T31,M54,021,XG11,二层台西北角,距地表6.53米,狗,一付,下颌骨,,,1,"左I1-M2,右C+P2-M1",,,,,,,,,,,,"40,79","34,46",,,"55,93",,"20,3"
192,2000,HD,T31,M54,09,XG6,,距地表6.02米,狗,一付,肱骨,完整,,1,,28,"37,91","31,75","26,12",170,,,,,,,,,,,,,
193,2000,HD,T31,M54,09,XG6,,距地表6.02米,狗,一付,尺骨,远端残,,1,,,,,,,,,,,,,,,,,,,
194,2000,HD,T31,M54,09,XG6,,距地表6.02米,狗,一付,桡骨,完整,,1,,"38,8","18,91","30,39","32,97",187,,,,,,,,,,,,,
195,2000,HD,T31,M54,09,XG6,,距地表6.02米,狗,左,肱骨,近端,远端残,1,,"32,21","33,75",,,,,,,,,,,,,,,,
196,2000,HD,T31,M54,09,XG6,,距地表6.02米,狗,右,胫骨,近端,,1,,,,,,,,,,,,,,,,,,,
197,2000,HD,T31,M54,09,XG6,,距地表6.02米,狗,,枢椎,,,1,,,,,,,,,,,,,,,,,,,
198,2000,HD,T31,M54,09,XG6,,距地表6.02米,狗,,骶骨,,,1,,,,,,,,,,,,,,,,,,,
199,2000,HD,T31,M54,09,XG6,,距地表6.02米,狗,左,肩胛骨,,,1,,"30,33","18,83",,,,,,,,,,,,,,,,
200,2000,HD,T31,M54,09,XG6,,距地表6.02米,狗,右,肩胛骨,,,1,,,,,,,,,,,,,,,,,,,
201,2000,HD,T31,M54,09,XG6,,距地表6.02米,狗,一付,跟骨,,,1,,"44,44","19,05","17,27",,,,,,,,,,,,,,,
202,2000,HD,T31,M54,09,XG6,,距地表6.02米,狗,左,距骨,,,1,,"26,36","17,83",,,,,,,,,,,,,,,,
203,2000,HD,T31,M54,09,XG6,,距地表6.02米,狗,,阴茎骨,,,1,,,,,,,,,,,,,,,,,,,
204,2000,HD,T31,M54,09,XG6,,距地表6.02米,狗,右,胫骨,远端,,1,,,,,,,,,,,,,,,,,,,
205,2000,HD,T31,M54,09,XG6,,距地表6.02米,狗,,寰椎,,,1,,,"26,69",,,,,,,,,,,,,,,,
206,2000,HD,T31,M54,09,XG6,,距地表6.02米,狗,一付,下颌骨,,,1,"左P1+P3-M3,右P2-M3","20,6","8,44","8,01","6,64","4,26","3,89",,,"70,11","64,51","32,5","38,11","31,72","19,97","19,49",,"26,93","19,77"
207,2000,HD,T31,M54,09,XG6,,距地表6.02米,狗,右,上颌骨,,,1,P1-P3,,,,,,,,,,,,,,,,,,
208,2000,HD,T31,M54,09,XG6,,距地表6.02米,狗,一付,掌骨,,,1,左右各一付,,,,,,,,,,,,,,,,,,
209,2000,HD,T31,M54,09,XG6,,距地表6.02米,狗,一付,跖骨,,,1,左右各一付,,,,,,,,,,,,,,,,,,
210,2000,HD,T31,M54,09,XG6,,距地表6.02米,狗,,第1节趾骨,,,8,,,,,,,,,,,,,,,,,,,
211,2000,HD,T31,M54,09,XG6,,距地表6.02米,狗,,第2节趾骨,,,4,,,,,,,,,,,,,,,,,,,
212,2000,HD,T31,M54,09,XG6,,距地表6.02米,狗,,肋骨,碎块,,27,,,,,,,,,,,,,,,,,,,
213,2000,HD,T31,M54,09,XG6,,距地表6.02米,狗,,脊椎,,,11,,,,,,,,,,,,,,,,,,,
214,2000,HD,T31,M54,08,XG7,,距地表6.02米,狗,右,肱骨,完整,,1,,"27,35","38,24","32,52","25,3",164,,,,,,,,,,,,,
215,2000,HD,T31,M54,08,XG7,,距地表6.02米,狗,右,尺骨,完整,,1,,,,,,193,,,,,,,,,,,,,
216,2000,HD,T31,M54,08,XG7,,距地表6.02米,狗,左,尺骨,,,1,,,,,,,,,,,,,,,,,,,
217,2000,HD,T31,M54,08,XG7,,距地表6.02米,狗,右,桡骨,完整,,1,,"17,7","11,87","24,64","13,51",163,,,,,,,,,,,,,
218,2000,HD,T31,M54,08,XG7,,距地表6.02米,狗,左,桡骨,远端,,1,,,,,,,,,,,,,,,,,,,
219,2000,HD,T31,M54,08,XG7,,距地表6.02米,狗,左,桡骨,近端,,1,,,,,,,,,,,,,,,,,,,
220,2000,HD,T31,M54,08,XG7,,距地表6.02米,狗,左,股骨,完整,,1,,,,"29,91","33,37",180,,,,,,,,,,,,,
221,2000,HD,T31,M54,08,XG7,,距地表6.02米,狗,左,肩胛骨,,,1,,"28,66","17,88",,,,,,,,,,,,,,,,
222,2000,HD,T31,M54,08,XG7,,距地表6.02米,狗,,骶骨,,,1,,,,,,,,,,,,,,,,,,,
223,2000,HD,T31,M54,08,XG7,,距地表6.02米,狗,右,肩胛骨,,,1,,,,,,,,,,,,,,,,,,,
224,2000,HD,T31,M54,08,XG7,,距地表6.02米,狗,右,股骨,远端,,1,,,,,,,,,,,,,,,,,,,
225,2000,HD,T31,M54,08,XG7,,距地表6.02米,狗,右,股骨,近端,,1,,,,,,,,,,,,,,,,,,,
226,2000,HD,T31,M54,08,XG7,,距地表6.02米,狗,右,胫骨,近端,,1,,"32,69","31,96",,,,,,,,,,,,,,,,
227,2000,HD,T31,M54,08,XG7,,距地表6.02米,狗,左,胫骨,近端,,1,,,,,,,,,,,,,,,,,,,
228,2000,HD,T31,M54,08,XG7,,距地表6.02米,狗,一付,跟骨,,,1,,"43,37","19,2","17,06",,,,,,,,,,,,,,,
229,2000,HD,T31,M54,08,XG7,,距地表6.02米,狗,右,距骨,,,1,,"28,17","17,75",,,,,,,,,,,,,,,,
230,2000,HD,T31,M54,08,XG7,,距地表6.02米,狗,右,胫骨,远端,,1,,"22,51","16,35",,,,,,,,,,,,,,,,
231,2000,HD,T31,M54,08,XG7,,距地表6.02米,狗,左,距骨,,,1,,,,,,,,,,,,,,,,,,,
232,2000,HD,T31,M54,08,XG7,,距地表6.02米,狗,,掌骨或跖骨,,,12,,,,,,,,,,,,,,,,,,,
233,2000,HD,T31,M54,08,XG7,,距地表6.02米,狗,,第1节趾骨,,,5,,,,,,,,,,,,,,,,,,,
234,2000,HD,T31,M54,08,XG7,,距地表6.02米,狗,,第2节趾骨,,,2,,,,,,,,,,,,,,,,,,,
235,2000,HD,T31,M54,08,XG7,,距地表6.02米,狗,,第3节趾骨,,,1,,,,,,,,,,,,,,,,,,,
236,2000,HD,T31,M54,08,XG7,,距地表6.02米,狗,,尾椎,,,2,,,,,,,,,,,,,,,,,,,
237,2000,HD,T31,M54,08,XG7,,距地表6.02米,狗,,腓骨,近端,,1,,,,,,,,,,,,,,,,,,,
238,2000,HD,T31,M54,08,XG7,,距地表6.02米,狗,左,胫骨,远端,,1,,,,,,,,,,,,,,,,,,,
239,2000,HD,T31,M54,08,XG7,,距地表6.02米,狗,,脊椎,,,8,,,,,,,,,,,,,,,,,,,
240,2000,HD,T31,M54,08,XG7,,距地表6.02米,狗,,肋骨,碎块,,16,,,,,,,,,,,,,,,,,,,
241,2000,HD,T31,M54,08,XG7,,距地表6.02米,狗,,髌骨,,,1,,,,,,,,,,,,,,,,,,,
242,2000,HD,T31,M54,08,XG7,,向上0.15米为07狗骨架,狗,一付,下颌骨,,,1,"左P3-M2,右M1-M3","20,24","8,32","8,6","6,38","4,28","3,7",,,"70,89","66,21","32,12","40,23","35,5","20,09","18,33","24,94","22,11",
243,2000,HD,T31,M54,08,XG7,,向上0.15米为07狗骨架,狗,,寰椎,,,1,,,,,,,,,,,,,,,,,,,
244,2000,HD,T31,M54,08,XG7,,向上0.15米为07狗骨架,狗,一付,上颌骨,,,1,"左P4+M1,右P3-M2","12,38","15,5",,,"18,25","9,69",,,,,,,,,,,,
